"仓库(填写编号，例如001,002)",物流方式（填写名称，比如Fedex Ground）,国家简码,邮编起,邮编止,属性(填写数字：0普通 1偏远 2超级偏远),备注
004,MBB DEUPS,DE,18561,18565,1,
004,MBB DEUPS,DE,25846,25849,1,
004,MBB DEUPS,DE,25859,25859,1,
004,MBB DEUPS,DE,25863,25863,1,
004,MBB DEUPS,DE,25869,25869,1,
004,MBB DEUPS,DE,25929,25999,1,
004,MBB DEUPS,DE,26453,26486,1,
004,MBB DEUPS,DE,26533,26548,1,
004,MBB DEUPS,DE,26557,26579,1,
004,MBB DEUPS,DE,26737,26757,1,
004,MBB DEUPS,DE,27483,27499,1,
004,MBB DEUPS,DK,3700,3799,2,
004,MBB DEUPS,DK,4592,4592,2,
004,MBB DEUPS,DK,8305,8305,2,
004,MBB DEUPS,DK,8592,8592,2,
004,MBB DEUPS,DK,9940,9940,2,
004,MBB DEUPS,FI,87000,99999,2,
004,MBB DEUPS,FR,20000,20999,2,
004,MBB DEUPS,IT,87018,87018,2,
004,MBB DEUPS,IT,87022,87022,2,
004,MBB DEUPS,IT,87027,87029,2,
004,MBB DEUPS,IT,87032,87032,2,
004,MBB DEUPS,IT,87041,87041,2,
004,MBB DEUPS,IT,87045,87045,2,
004,MBB DEUPS,IT,87051,87051,2,
004,MBB DEUPS,IT,87053,87054,2,
004,MBB DEUPS,IT,87060,87060,2,
004,MBB DEUPS,IT,87064,87064,2,
004,MBB DEUPS,IT,87067,87067,2,
004,MBB DEUPS,IT,88050,88050,2,
004,MBB DEUPS,IT,89010,89011,2,
004,MBB DEUPS,IT,89018,89018,2,
004,MBB DEUPS,IT,89025,89025,2,
004,MBB DEUPS,IT,89031,89032,2,
004,MBB DEUPS,IT,89034,89034,2,
004,MBB DEUPS,IT,89040,89040,2,
004,MBB DEUPS,IT,89044,89044,2,
004,MBB DEUPS,IT,89046,89048,2,
004,MBB DEUPS,IT,89900,89900,2,
004,MBB DEUPS,IT,90010,90010,2,
004,MBB DEUPS,IT,90016,90016,2,
004,MBB DEUPS,IT,90022,90022,2,
004,MBB DEUPS,IT,90024,90024,2,
004,MBB DEUPS,IT,90029,90029,2,
004,MBB DEUPS,IT,90032,90032,2,
004,MBB DEUPS,IT,90034,90036,2,
004,MBB DEUPS,IT,91010,91010,2,
004,MBB DEUPS,IT,91020,91020,2,
004,MBB DEUPS,IT,92010,92010,2,
004,MBB DEUPS,IT,92016,92016,2,
004,MBB DEUPS,IT,92029,92029,2,
004,MBB DEUPS,IT,93013,93013,2,
004,MBB DEUPS,IT,93015,93015,2,
004,MBB DEUPS,IT,93017,93017,2,
004,MBB DEUPS,IT,93019,93019,2,
004,MBB DEUPS,PT,9000000,9999999,2,
004,MBB DEUPS,ES,35001,35059,2,
004,MBB DEUPS,ES,35061,35107,2,
004,MBB DEUPS,ES,35109,35148,2,
004,MBB DEUPS,ES,35150,35189,2,
004,MBB DEUPS,ES,35191,35191,2,
004,MBB DEUPS,ES,35198,35198,2,
004,MBB DEUPS,ES,35200,35204,2,
004,MBB DEUPS,ES,35206,35215,2,
004,MBB DEUPS,ES,35217,35279,2,
004,MBB DEUPS,ES,35281,35298,2,
004,MBB DEUPS,ES,35300,35318,2,
004,MBB DEUPS,ES,35320,35332,2,
004,MBB DEUPS,ES,35334,35348,2,
004,MBB DEUPS,ES,35351,35367,2,
004,MBB DEUPS,ES,35370,35420,2,
004,MBB DEUPS,ES,35422,35431,2,
004,MBB DEUPS,ES,35433,35456,2,
004,MBB DEUPS,ES,35458,35458,2,
004,MBB DEUPS,ES,35460,35467,2,
004,MBB DEUPS,ES,35469,35477,2,
004,MBB DEUPS,ES,35480,35488,2,
004,MBB DEUPS,ES,35490,35517,2,
004,MBB DEUPS,ES,35519,35561,2,
004,MBB DEUPS,ES,35563,35610,2,
004,MBB DEUPS,ES,35612,35637,2,
004,MBB DEUPS,ES,35639,35999,2,
004,MBB DEUPS,ES,38001,38069,2,
004,MBB DEUPS,ES,38071,38128,2,
004,MBB DEUPS,ES,38131,38138,2,
004,MBB DEUPS,ES,38140,38149,2,
004,MBB DEUPS,ES,38151,38159,2,
004,MBB DEUPS,ES,38161,38288,2,
004,MBB DEUPS,ES,38290,38293,2,
004,MBB DEUPS,ES,38295,38309,2,
004,MBB DEUPS,ES,38311,38312,2,
004,MBB DEUPS,ES,38314,38328,2,
004,MBB DEUPS,ES,38330,38355,2,
004,MBB DEUPS,ES,38358,38368,2,
004,MBB DEUPS,ES,38370,38378,2,
004,MBB DEUPS,ES,38380,38398,2,
004,MBB DEUPS,ES,38400,38410,2,
004,MBB DEUPS,ES,38413,38414,2,
004,MBB DEUPS,ES,38416,38427,2,
004,MBB DEUPS,ES,38430,38448,2,
004,MBB DEUPS,ES,38450,38457,2,
004,MBB DEUPS,ES,38460,38478,2,
004,MBB DEUPS,ES,38479,38488,2,
004,MBB DEUPS,ES,38490,38539,2,
004,MBB DEUPS,ES,38541,38578,2,
004,MBB DEUPS,ES,38580,38589,2,
004,MBB DEUPS,ES,38591,38591,2,
004,MBB DEUPS,ES,38595,38613,2,
004,MBB DEUPS,ES,38617,38713,2,
004,MBB DEUPS,ES,38715,38725,2,
004,MBB DEUPS,ES,38730,38739,2,
004,MBB DEUPS,ES,38741,38748,2,
004,MBB DEUPS,ES,38750,38757,2,
004,MBB DEUPS,ES,38759,38766,2,
004,MBB DEUPS,ES,38768,38768,2,
004,MBB DEUPS,ES,38770,38778,2,
004,MBB DEUPS,ES,38780,38787,2,
004,MBB DEUPS,ES,38789,38812,2,
004,MBB DEUPS,ES,38814,38828,2,
004,MBB DEUPS,ES,38830,38848,2,
004,MBB DEUPS,ES,38850,38851,2,
004,MBB DEUPS,ES,38853,38868,2,
004,MBB DEUPS,ES,38870,38878,2,
004,MBB DEUPS,ES,38880,38889,2,
004,MBB DEUPS,ES,38893,38909,2,
004,MBB DEUPS,ES,38911,38912,2,
004,MBB DEUPS,ES,38915,38999,2,
004,MBB DEUPS,ES,51000,52999,2,
004,MBB DEUPS,SE,90000,99999,2,
004,MBB DEUPS,AT,2081,2084,3,
004,MBB DEUPS,AT,2091,2095,3,
004,MBB DEUPS,AT,2272,2276,3,
004,MBB DEUPS,AT,3871,3874,3,
004,MBB DEUPS,AT,3911,3911,3,
004,MBB DEUPS,AT,3925,3925,3,
004,MBB DEUPS,AT,4092,4092,3,
004,MBB DEUPS,AT,4161,4164,3,
004,MBB DEUPS,AT,4263,4263,3,
004,MBB DEUPS,AT,4463,4463,3,
004,MBB DEUPS,AT,4573,4575,3,
004,MBB DEUPS,AT,5505,5505,3,
004,MBB DEUPS,AT,5561,5563,3,
004,MBB DEUPS,AT,5572,5572,3,
004,MBB DEUPS,AT,5583,5585,3,
004,MBB DEUPS,AT,5591,5592,3,
004,MBB DEUPS,AT,5611,5611,3,
004,MBB DEUPS,AT,5752,5754,3,
004,MBB DEUPS,AT,6215,6215,3,
004,MBB DEUPS,AT,6652,6655,3,
004,MBB DEUPS,AT,6672,6673,3,
004,MBB DEUPS,AT,6675,6675,3,
004,MBB DEUPS,AT,6677,6677,3,
004,MBB DEUPS,AT,6682,6682,3,
004,MBB DEUPS,AT,6691,6691,3,
004,MBB DEUPS,AT,6708,6708,3,
004,MBB DEUPS,AT,6886,6886,3,
004,MBB DEUPS,AT,6888,6888,3,
004,MBB DEUPS,AT,6991,6993,3,
004,MBB DEUPS,AT,8663,8663,3,
004,MBB DEUPS,AT,8673,8674,3,
004,MBB DEUPS,AT,8762,8765,3,
004,MBB DEUPS,AT,8832,8832,3,
004,MBB DEUPS,AT,8971,8974,3,
004,MBB DEUPS,AT,8993,8993,3,
004,MBB DEUPS,AT,9363,9363,3,
004,MBB DEUPS,AT,9782,9782,3,
004,MBB DEUPS,AT,9931,9932,3,
004,MBB DEUPS,AT,9941,9942,3,
004,MBB DEUPS,AT,9961,9963,3,
004,MBB DEUPS,AT,9972,9972,3,
004,MBB DEUPS,AT,9974,9974,3,
004,MBB DEUPS,AT,9981,9981,3,
004,MBB DEUPS,CZ,33039,33039,3,
004,MBB DEUPS,CZ,33040,33040,3,
004,MBB DEUPS,CZ,34951,34954,3,
004,MBB DEUPS,CZ,34972,34972,3,
004,MBB DEUPS,CZ,35121,35122,3,
004,MBB DEUPS,CZ,35124,35124,3,
004,MBB DEUPS,CZ,35131,35133,3,
004,MBB DEUPS,CZ,35201,35202,3,
004,MBB DEUPS,CZ,37872,37873,3,
004,MBB DEUPS,CZ,37881,37881,3,
004,MBB DEUPS,CZ,38223,38223,3,
004,MBB DEUPS,CZ,38226,38226,3,
004,MBB DEUPS,CZ,38276,38276,3,
004,MBB DEUPS,CZ,38293,38293,3,
004,MBB DEUPS,CZ,38441,38444,3,
004,MBB DEUPS,CZ,38451,38451,3,
004,MBB DEUPS,CZ,38491,38493,3,
004,MBB DEUPS,CZ,40753,40753,3,
004,MBB DEUPS,CZ,40760,40761,3,
004,MBB DEUPS,CZ,40777,40779,3,
004,MBB DEUPS,CZ,40784,40784,3,
004,MBB DEUPS,CZ,43121,43121,3,
004,MBB DEUPS,CZ,43132,43132,3,
004,MBB DEUPS,CZ,43182,43182,3,
004,MBB DEUPS,CZ,43184,43184,3,
004,MBB DEUPS,CZ,43186,43186,3,
004,MBB DEUPS,CZ,43191,43191,3,
004,MBB DEUPS,CZ,43546,43547,3,
004,MBB DEUPS,CZ,46322,46323,3,
004,MBB DEUPS,CZ,46361,46361,3,
004,MBB DEUPS,CZ,46362,46364,3,
004,MBB DEUPS,CZ,46365,46365,3,
004,MBB DEUPS,CZ,46366,46367,3,
004,MBB DEUPS,CZ,46371,46371,3,
004,MBB DEUPS,CZ,46373,46373,3,
004,MBB DEUPS,CZ,46374,46374,3,
004,MBB DEUPS,CZ,46401,46401,3,
004,MBB DEUPS,CZ,46812,46812,3,
004,MBB DEUPS,CZ,46844,46844,3,
004,MBB DEUPS,CZ,46850,46850,3,
004,MBB DEUPS,CZ,54955,54955,3,
004,MBB DEUPS,CZ,54961,54961,3,
004,MBB DEUPS,CZ,54971,54971,3,
004,MBB DEUPS,CZ,54972,54974,3,
004,MBB DEUPS,CZ,54981,54983,3,
004,MBB DEUPS,CZ,54984,54984,3,
004,MBB DEUPS,CZ,55001,55001,3,
004,MBB DEUPS,CZ,55003,55003,3,
004,MBB DEUPS,CZ,58232,58233,3,
004,MBB DEUPS,CZ,58274,58274,3,
004,MBB DEUPS,CZ,58282,58284,3,
004,MBB DEUPS,CZ,58286,58287,3,
004,MBB DEUPS,CZ,58291,58294,3,
004,MBB DEUPS,CZ,58401,58401,3,
004,MBB DEUPS,CZ,67122,67129,3,
004,MBB DEUPS,CZ,67167,67169,3,
004,MBB DEUPS,CZ,67181,67183,3,
004,MBB DEUPS,CZ,67185,67185,3,
004,MBB DEUPS,CZ,68755,68755,3,
004,MBB DEUPS,CZ,68765,68767,3,
004,MBB DEUPS,CZ,68771,68772,3,
004,MBB DEUPS,CZ,68774,68774,3,
004,MBB DEUPS,CZ,69663,69664,3,
004,MBB DEUPS,CZ,69666,69667,3,
004,MBB DEUPS,CZ,69675,69675,3,
004,MBB DEUPS,CZ,73982,73982,3,
004,MBB DEUPS,CZ,73985,73985,3,
004,MBB DEUPS,CZ,73991,73991,3,
004,MBB DEUPS,CZ,73994,73998,3,
004,MBB DEUPS,CZ,78825,78825,3,
004,MBB DEUPS,CZ,78832,78832,3,
004,MBB DEUPS,CZ,79001,79001,3,
004,MBB DEUPS,CZ,79003,79003,3,
004,MBB DEUPS,CZ,79051,79055,3,
004,MBB DEUPS,CZ,79056,79056,3,
004,MBB DEUPS,CZ,79057,79057,3,
004,MBB DEUPS,CZ,79058,79058,3,
004,MBB DEUPS,CZ,79061,79061,3,
004,MBB DEUPS,CZ,79063,79063,3,
004,MBB DEUPS,CZ,79064,79064,3,
004,MBB DEUPS,CZ,79065,79065,3,
004,MBB DEUPS,CZ,79066,79066,3,
004,MBB DEUPS,CZ,79067,79067,3,
004,MBB DEUPS,CZ,79068,79068,3,
004,MBB DEUPS,CZ,79069,79069,3,
004,MBB DEUPS,CZ,79070,79070,3,
004,MBB DEUPS,CZ,79081,79084,3,
004,MBB DEUPS,CZ,79376,79376,3,
004,MBB DEUPS,DK,4944,4944,3,
004,MBB DEUPS,DK,5900,5999,3,
004,MBB DEUPS,DK,6270,6270,3,
004,MBB DEUPS,DK,6280,6280,3,
004,MBB DEUPS,DK,6720,6720,3,
004,MBB DEUPS,DK,6792,6792,3,
004,MBB DEUPS,DK,6818,6869,3,
004,MBB DEUPS,DK,6871,6879,3,
004,MBB DEUPS,DK,6881,6890,3,
004,MBB DEUPS,DK,6893,6893,3,
004,MBB DEUPS,DK,6960,6960,3,
004,MBB DEUPS,DK,9492,9492,3,
004,MBB DEUPS,DK,9493,9493,3,
004,MBB DEUPS,DK,9970,9990,3,
004,MBB DEUPS,FI,21630,22950,3,
004,MBB DEUPS,FI,39750,44970,3,
004,MBB DEUPS,FI,52720,86999,3,
004,MBB DEUPS,FR,04000,04999,3,
004,MBB DEUPS,FR,05000,05999,3,
004,MBB DEUPS,FR,06260,06260,3,
004,MBB DEUPS,FR,06380,06380,3,
004,MBB DEUPS,FR,06390,06390,3,
004,MBB DEUPS,FR,06420,06420,3,
004,MBB DEUPS,FR,06430,06430,3,
004,MBB DEUPS,FR,06440,06440,3,
004,MBB DEUPS,FR,06450,06450,3,
004,MBB DEUPS,FR,06460,06460,3,
004,MBB DEUPS,FR,06470,06470,3,
004,MBB DEUPS,FR,06540,06540,3,
004,MBB DEUPS,FR,06620,06620,3,
004,MBB DEUPS,FR,06660,06660,3,
004,MBB DEUPS,FR,06710,06710,3,
004,MBB DEUPS,FR,06750,06750,3,
004,MBB DEUPS,FR,06790,06790,3,
004,MBB DEUPS,FR,06830,06830,3,
004,MBB DEUPS,FR,06850,06850,3,
004,MBB DEUPS,FR,06910,06910,3,
004,MBB DEUPS,FR,09000,09999,3,
004,MBB DEUPS,FR,11101,11101,3,
004,MBB DEUPS,FR,11140,11140,3,
004,MBB DEUPS,FR,11150,11150,3,
004,MBB DEUPS,FR,11160,11160,3,
004,MBB DEUPS,FR,11170,11170,3,
004,MBB DEUPS,FR,11190,11190,3,
004,MBB DEUPS,FR,11220,11220,3,
004,MBB DEUPS,FR,11230,11230,3,
004,MBB DEUPS,FR,11240,11240,3,
004,MBB DEUPS,FR,11250,11250,3,
004,MBB DEUPS,FR,11260,11260,3,
004,MBB DEUPS,FR,11270,11270,3,
004,MBB DEUPS,FR,11290,11290,3,
004,MBB DEUPS,FR,11300,11300,3,
004,MBB DEUPS,FR,11310,11310,3,
004,MBB DEUPS,FR,11320,11320,3,
004,MBB DEUPS,FR,11330,11330,3,
004,MBB DEUPS,FR,11340,11340,3,
004,MBB DEUPS,FR,11350,11350,3,
004,MBB DEUPS,FR,11360,11360,3,
004,MBB DEUPS,FR,11370,11370,3,
004,MBB DEUPS,FR,11380,11380,3,
004,MBB DEUPS,FR,11390,11390,3,
004,MBB DEUPS,FR,11400,11400,3,
004,MBB DEUPS,FR,11410,11410,3,
004,MBB DEUPS,FR,11420,11420,3,
004,MBB DEUPS,FR,11480,11480,3,
004,MBB DEUPS,FR,11490,11490,3,
004,MBB DEUPS,FR,11500,11500,3,
004,MBB DEUPS,FR,11510,11510,3,
004,MBB DEUPS,FR,11540,11540,3,
004,MBB DEUPS,FR,11570,11570,3,
004,MBB DEUPS,FR,11580,11580,3,
004,MBB DEUPS,FR,11600,11600,3,
004,MBB DEUPS,FR,11610,11610,3,
004,MBB DEUPS,FR,11620,11620,3,
004,MBB DEUPS,FR,11700,11700,3,
004,MBB DEUPS,FR,11800,11800,3,
004,MBB DEUPS,FR,11890,11890,3,
004,MBB DEUPS,FR,12000,12999,3,
004,MBB DEUPS,FR,15000,15999,3,
004,MBB DEUPS,FR,17111,17111,3,
004,MBB DEUPS,FR,17123,17123,3,
004,MBB DEUPS,FR,17190,17190,3,
004,MBB DEUPS,FR,17310,17310,3,
004,MBB DEUPS,FR,17370,17370,3,
004,MBB DEUPS,FR,17410,17410,3,
004,MBB DEUPS,FR,17480,17480,3,
004,MBB DEUPS,FR,17550,17550,3,
004,MBB DEUPS,FR,17580,17580,3,
004,MBB DEUPS,FR,17590,17590,3,
004,MBB DEUPS,FR,17630,17630,3,
004,MBB DEUPS,FR,17650,17650,3,
004,MBB DEUPS,FR,17670,17670,3,
004,MBB DEUPS,FR,17740,17740,3,
004,MBB DEUPS,FR,17840,17840,3,
004,MBB DEUPS,FR,17880,17880,3,
004,MBB DEUPS,FR,17940,17940,3,
004,MBB DEUPS,FR,22870,22870,3,
004,MBB DEUPS,FR,25160,25160,3,
004,MBB DEUPS,FR,25190,25190,3,
004,MBB DEUPS,FR,25240,25240,3,
004,MBB DEUPS,FR,25370,25370,3,
004,MBB DEUPS,FR,25380,25380,3,
004,MBB DEUPS,FR,25430,25430,3,
004,MBB DEUPS,FR,25470,25470,3,
004,MBB DEUPS,FR,29242,29242,3,
004,MBB DEUPS,FR,29253,29253,3,
004,MBB DEUPS,FR,29259,29259,3,
004,MBB DEUPS,FR,29980,29980,3,
004,MBB DEUPS,FR,29990,29990,3,
004,MBB DEUPS,FR,38112,38112,3,
004,MBB DEUPS,FR,38114,38114,3,
004,MBB DEUPS,FR,38142,38142,3,
004,MBB DEUPS,FR,38250,38250,3,
004,MBB DEUPS,FR,38520,38520,3,
004,MBB DEUPS,FR,38580,38580,3,
004,MBB DEUPS,FR,38650,38650,3,
004,MBB DEUPS,FR,38710,38710,3,
004,MBB DEUPS,FR,38720,38720,3,
004,MBB DEUPS,FR,38740,38740,3,
004,MBB DEUPS,FR,38750,38750,3,
004,MBB DEUPS,FR,38770,38770,3,
004,MBB DEUPS,FR,38860,38860,3,
004,MBB DEUPS,FR,38880,38880,3,
004,MBB DEUPS,FR,38930,38930,3,
004,MBB DEUPS,FR,38970,38970,3,
004,MBB DEUPS,FR,39220,39220,3,
004,MBB DEUPS,FR,39310,39310,3,
004,MBB DEUPS,FR,39400,39400,3,
004,MBB DEUPS,FR,48000,48999,3,
004,MBB DEUPS,FR,56360,56360,3,
004,MBB DEUPS,FR,56590,56590,3,
004,MBB DEUPS,FR,56780,56780,3,
004,MBB DEUPS,FR,56840,56840,3,
004,MBB DEUPS,FR,63113,63113,3,
004,MBB DEUPS,FR,63240,63240,3,
004,MBB DEUPS,FR,63610,63610,3,
004,MBB DEUPS,FR,63680,63680,3,
004,MBB DEUPS,FR,63850,63850,3,
004,MBB DEUPS,FR,64440,64440,3,
004,MBB DEUPS,FR,65001,65099,3,
004,MBB DEUPS,FR,65101,65419,3,
004,MBB DEUPS,FR,65421,65999,3,
004,MBB DEUPS,FR,66102,66102,3,
004,MBB DEUPS,FR,66110,66110,3,
004,MBB DEUPS,FR,66120,66120,3,
004,MBB DEUPS,FR,66130,66130,3,
004,MBB DEUPS,FR,66150,66150,3,
004,MBB DEUPS,FR,66160,66160,3,
004,MBB DEUPS,FR,66170,66170,3,
004,MBB DEUPS,FR,66190,66190,3,
004,MBB DEUPS,FR,66210,66210,3,
004,MBB DEUPS,FR,66220,66220,3,
004,MBB DEUPS,FR,66230,66230,3,
004,MBB DEUPS,FR,66260,66260,3,
004,MBB DEUPS,FR,66290,66290,3,
004,MBB DEUPS,FR,66300,66300,3,
004,MBB DEUPS,FR,66310,66310,3,
004,MBB DEUPS,FR,66320,66320,3,
004,MBB DEUPS,FR,66340,66340,3,
004,MBB DEUPS,FR,66360,66360,3,
004,MBB DEUPS,FR,66400,66400,3,
004,MBB DEUPS,FR,66460,66460,3,
004,MBB DEUPS,FR,66480,66480,3,
004,MBB DEUPS,FR,66490,66490,3,
004,MBB DEUPS,FR,66500,66500,3,
004,MBB DEUPS,FR,66560,66560,3,
004,MBB DEUPS,FR,66600,66600,3,
004,MBB DEUPS,FR,66620,66620,3,
004,MBB DEUPS,FR,66650,66650,3,
004,MBB DEUPS,FR,66660,66660,3,
004,MBB DEUPS,FR,66690,66690,3,
004,MBB DEUPS,FR,66700,66700,3,
004,MBB DEUPS,FR,66720,66720,3,
004,MBB DEUPS,FR,66730,66730,3,
004,MBB DEUPS,FR,66740,66740,3,
004,MBB DEUPS,FR,66760,66760,3,
004,MBB DEUPS,FR,66800,66800,3,
004,MBB DEUPS,FR,66820,66820,3,
004,MBB DEUPS,FR,73120,73120,3,
004,MBB DEUPS,FR,73140,73140,3,
004,MBB DEUPS,FR,73150,73150,3,
004,MBB DEUPS,FR,73170,73170,3,
004,MBB DEUPS,FR,73270,73270,3,
004,MBB DEUPS,FR,73320,73320,3,
004,MBB DEUPS,FR,73340,73340,3,
004,MBB DEUPS,FR,73350,73350,3,
004,MBB DEUPS,FR,73440,73440,3,
004,MBB DEUPS,FR,73450,73450,3,
004,MBB DEUPS,FR,73480,73480,3,
004,MBB DEUPS,FR,73500,73500,3,
004,MBB DEUPS,FR,73530,73530,3,
004,MBB DEUPS,FR,73550,73550,3,
004,MBB DEUPS,FR,73590,73590,3,
004,MBB DEUPS,FR,73610,73610,3,
004,MBB DEUPS,FR,73620,73620,3,
004,MBB DEUPS,FR,73630,73630,3,
004,MBB DEUPS,FR,73640,73640,3,
004,MBB DEUPS,FR,73700,73700,3,
004,MBB DEUPS,FR,73710,73710,3,
004,MBB DEUPS,FR,73730,73730,3,
004,MBB DEUPS,FR,73870,73870,3,
004,MBB DEUPS,FR,74110,74110,3,
004,MBB DEUPS,FR,74120,74120,3,
004,MBB DEUPS,FR,74170,74170,3,
004,MBB DEUPS,FR,74190,74190,3,
004,MBB DEUPS,FR,74220,74220,3,
004,MBB DEUPS,FR,74260,74260,3,
004,MBB DEUPS,FR,74310,74310,3,
004,MBB DEUPS,FR,74340,74340,3,
004,MBB DEUPS,FR,74360,74360,3,
004,MBB DEUPS,FR,74390,74390,3,
004,MBB DEUPS,FR,74400,74400,3,
004,MBB DEUPS,FR,74420,74420,3,
004,MBB DEUPS,FR,74430,74430,3,
004,MBB DEUPS,FR,74440,74440,3,
004,MBB DEUPS,FR,74450,74450,3,
004,MBB DEUPS,FR,74470,74470,3,
004,MBB DEUPS,FR,74480,74480,3,
004,MBB DEUPS,FR,74490,74490,3,
004,MBB DEUPS,FR,74660,74660,3,
004,MBB DEUPS,FR,74740,74740,3,
004,MBB DEUPS,FR,74920,74920,3,
004,MBB DEUPS,FR,85330,85330,3,
004,MBB DEUPS,FR,85350,85350,3,
004,MBB DEUPS,FR,85630,85630,3,
004,MBB DEUPS,FR,85680,85680,3,
004,MBB DEUPS,FR,85740,85740,3,
004,MBB DEUPS,FR,88340,88340,3,
004,MBB DEUPS,GR,00000,10159,3,
004,MBB DEUPS,GR,10161,10430,3,
004,MBB DEUPS,GR,17779,18119,3,
004,MBB DEUPS,GR,18864,19000,3,
004,MBB DEUPS,GR,19601,53999,3,
004,MBB DEUPS,GR,57501,99999,3,
004,MBB DEUPS,HU,2601,2650,3,
004,MBB DEUPS,HU,2652,2659,3,
004,MBB DEUPS,HU,2661,2699,3,
004,MBB DEUPS,HU,3101,3169,3,
004,MBB DEUPS,HU,3171,3199,3,
004,MBB DEUPS,HU,3601,3699,3,
004,MBB DEUPS,HU,3700,3799,3,
004,MBB DEUPS,HU,3800,3899,3,
004,MBB DEUPS,HU,3901,3909,3,
004,MBB DEUPS,HU,3911,3949,3,
004,MBB DEUPS,HU,3951,3979,3,
004,MBB DEUPS,HU,3981,3999,3,
004,MBB DEUPS,HU,4101,4137,3,
004,MBB DEUPS,HU,4139,4149,3,
004,MBB DEUPS,HU,4151,4180,3,
004,MBB DEUPS,HU,4182,4199,3,
004,MBB DEUPS,HU,4201,4219,3,
004,MBB DEUPS,HU,4221,4243,3,
004,MBB DEUPS,HU,4245,4299,3,
004,MBB DEUPS,HU,4301,4319,3,
004,MBB DEUPS,HU,4321,4399,3,
004,MBB DEUPS,HU,4500,4533,3,
004,MBB DEUPS,HU,4535,4599,3,
004,MBB DEUPS,HU,4600,4699,3,
004,MBB DEUPS,HU,4701,4799,3,
004,MBB DEUPS,HU,4801,4899,3,
004,MBB DEUPS,HU,4901,4999,3,
004,MBB DEUPS,HU,5501,5519,3,
004,MBB DEUPS,HU,5521,5539,3,
004,MBB DEUPS,HU,5541,5599,3,
004,MBB DEUPS,HU,5601,5629,3,
004,MBB DEUPS,HU,5631,5649,3,
004,MBB DEUPS,HU,5651,5699,3,
004,MBB DEUPS,HU,5701,5799,3,
004,MBB DEUPS,HU,5800,5899,3,
004,MBB DEUPS,HU,6400,6499,3,
004,MBB DEUPS,HU,6500,6599,3,
004,MBB DEUPS,HU,6900,6999,3,
004,MBB DEUPS,HU,7501,7599,3,
004,MBB DEUPS,HU,7800,7899,3,
004,MBB DEUPS,HU,7900,7999,3,
004,MBB DEUPS,HU,8801,8899,3,
004,MBB DEUPS,HU,8901,8998,3,
004,MBB DEUPS,HU,9901,9969,3,
004,MBB DEUPS,HU,9971,9999,3,
004,MBB DEUPS,IT,00013,00013,3,
004,MBB DEUPS,IT,04027,04027,3,
004,MBB DEUPS,IT,06010,06010,3,
004,MBB DEUPS,IT,06020,06020,3,
004,MBB DEUPS,IT,06026,06028,3,
004,MBB DEUPS,IT,06040,06041,3,
004,MBB DEUPS,IT,06043,06043,3,
004,MBB DEUPS,IT,06046,06047,3,
004,MBB DEUPS,IT,06060,06060,3,
004,MBB DEUPS,IT,11010,11010,3,
004,MBB DEUPS,IT,11012,11012,3,
004,MBB DEUPS,IT,11025,11025,3,
004,MBB DEUPS,IT,12010,12010,3,
004,MBB DEUPS,IT,12019,12020,3,
004,MBB DEUPS,IT,12027,12027,3,
004,MBB DEUPS,IT,12034,12034,3,
004,MBB DEUPS,IT,12070,12071,3,
004,MBB DEUPS,IT,12073,12074,3,
004,MBB DEUPS,IT,12080,12082,3,
004,MBB DEUPS,IT,13020,13028,3,
004,MBB DEUPS,IT,15010,15010,3,
004,MBB DEUPS,IT,15012,15018,3,
004,MBB DEUPS,IT,15050,15050,3,
004,MBB DEUPS,IT,15060,15060,3,
004,MBB DEUPS,IT,15064,15066,3,
004,MBB DEUPS,IT,15070,15075,3,
004,MBB DEUPS,IT,16010,16010,3,
004,MBB DEUPS,IT,16012,16023,3,
004,MBB DEUPS,IT,16025,16029,3,
004,MBB DEUPS,IT,16041,16041,3,
004,MBB DEUPS,IT,16045,16045,3,
004,MBB DEUPS,IT,16048,16049,3,
004,MBB DEUPS,IT,17010,17010,3,
004,MBB DEUPS,IT,17013,17014,3,
004,MBB DEUPS,IT,17016,17017,3,
004,MBB DEUPS,IT,17020,17022,3,
004,MBB DEUPS,IT,17026,17030,3,
004,MBB DEUPS,IT,17032,17034,3,
004,MBB DEUPS,IT,17036,17037,3,
004,MBB DEUPS,IT,17039,17039,3,
004,MBB DEUPS,IT,17041,17046,3,
004,MBB DEUPS,IT,17048,17051,3,
004,MBB DEUPS,IT,17053,17055,3,
004,MBB DEUPS,IT,17058,17058,3,
004,MBB DEUPS,IT,18020,18037,3,
004,MBB DEUPS,IT,19010,19020,3,
004,MBB DEUPS,IT,19022,19033,3,
004,MBB DEUPS,IT,19035,19036,3,
004,MBB DEUPS,IT,22018,22018,3,
004,MBB DEUPS,IT,22021,22025,3,
004,MBB DEUPS,IT,22027,22027,3,
004,MBB DEUPS,IT,22034,22034,3,
004,MBB DEUPS,IT,23030,23033,3,
004,MBB DEUPS,IT,23035,23035,3,
004,MBB DEUPS,IT,23038,23038,3,
004,MBB DEUPS,IT,23802,23806,3,
004,MBB DEUPS,IT,23811,23819,3,
004,MBB DEUPS,IT,24013,24013,3,
004,MBB DEUPS,IT,24017,24017,3,
004,MBB DEUPS,IT,24028,24028,3,
004,MBB DEUPS,IT,24037,24038,3,
004,MBB DEUPS,IT,25022,25023,3,
004,MBB DEUPS,IT,25042,25044,3,
004,MBB DEUPS,IT,25048,25048,3,
004,MBB DEUPS,IT,25051,25053,3,
004,MBB DEUPS,IT,25056,25056,3,
004,MBB DEUPS,IT,25059,25059,3,
004,MBB DEUPS,IT,25061,25061,3,
004,MBB DEUPS,IT,25072,25072,3,
004,MBB DEUPS,IT,25074,25074,3,
004,MBB DEUPS,IT,25083,25084,3,
004,MBB DEUPS,IT,25088,25088,3,
004,MBB DEUPS,IT,26018,26018,3,
004,MBB DEUPS,IT,26021,26021,3,
004,MBB DEUPS,IT,26024,26024,3,
004,MBB DEUPS,IT,26026,26026,3,
004,MBB DEUPS,IT,26031,26034,3,
004,MBB DEUPS,IT,26036,26038,3,
004,MBB DEUPS,IT,26042,26042,3,
004,MBB DEUPS,IT,26045,26049,3,
004,MBB DEUPS,IT,27014,27015,3,
004,MBB DEUPS,IT,27017,27018,3,
004,MBB DEUPS,IT,27027,27027,3,
004,MBB DEUPS,IT,27031,27033,3,
004,MBB DEUPS,IT,27037,27037,3,
004,MBB DEUPS,IT,27039,27039,3,
004,MBB DEUPS,IT,27041,27042,3,
004,MBB DEUPS,IT,27044,27048,3,
004,MBB DEUPS,IT,27059,27059,3,
004,MBB DEUPS,IT,28815,28819,3,
004,MBB DEUPS,IT,28824,28826,3,
004,MBB DEUPS,IT,28836,28836,3,
004,MBB DEUPS,IT,28839,28843,3,
004,MBB DEUPS,IT,28851,28854,3,
004,MBB DEUPS,IT,28856,28858,3,
004,MBB DEUPS,IT,28861,28864,3,
004,MBB DEUPS,IT,28866,28879,3,
004,MBB DEUPS,IT,28892,28897,3,
004,MBB DEUPS,IT,29013,29016,3,
004,MBB DEUPS,IT,29018,29019,3,
004,MBB DEUPS,IT,29021,29025,3,
004,MBB DEUPS,IT,30126,30126,3,
004,MBB DEUPS,IT,30142,30142,3,
004,MBB DEUPS,IT,32031,32031,3,
004,MBB DEUPS,IT,32041,32041,3,
004,MBB DEUPS,IT,32042,32042,3,
004,MBB DEUPS,IT,32044,32044,3,
004,MBB DEUPS,IT,32046,32046,3,
004,MBB DEUPS,IT,32047,32047,3,
004,MBB DEUPS,IT,33016,33016,3,
004,MBB DEUPS,IT,33021,33024,3,
004,MBB DEUPS,IT,33027,33027,3,
004,MBB DEUPS,IT,33051,33051,3,
004,MBB DEUPS,IT,33090,33090,3,
004,MBB DEUPS,IT,33094,33095,3,
004,MBB DEUPS,IT,36012,36012,3,
004,MBB DEUPS,IT,36032,36032,3,
004,MBB DEUPS,IT,36046,36046,3,
004,MBB DEUPS,IT,36052,36052,3,
004,MBB DEUPS,IT,36062,36062,3,
004,MBB DEUPS,IT,36076,36076,3,
004,MBB DEUPS,IT,37018,37018,3,
004,MBB DEUPS,IT,37028,37028,3,
004,MBB DEUPS,IT,37030,37030,3,
004,MBB DEUPS,IT,38018,38018,3,
004,MBB DEUPS,IT,38030,38030,3,
004,MBB DEUPS,IT,38035,38035,3,
004,MBB DEUPS,IT,38042,38042,3,
004,MBB DEUPS,IT,38045,38045,3,
004,MBB DEUPS,IT,38054,38055,3,
004,MBB DEUPS,IT,38057,38057,3,
004,MBB DEUPS,IT,38058,38058,3,
004,MBB DEUPS,IT,38063,38063,3,
004,MBB DEUPS,IT,38069,38069,3,
004,MBB DEUPS,IT,38070,38071,3,
004,MBB DEUPS,IT,38079,38079,3,
004,MBB DEUPS,IT,38089,38089,3,
004,MBB DEUPS,IT,39016,39016,3,
004,MBB DEUPS,IT,39020,39020,3,
004,MBB DEUPS,IT,39027,39027,3,
004,MBB DEUPS,IT,39029,39030,3,
004,MBB DEUPS,IT,39040,39041,3,
004,MBB DEUPS,IT,39050,39050,3,
004,MBB DEUPS,IT,39054,39054,3,
004,MBB DEUPS,IT,39056,39056,3,
004,MBB DEUPS,IT,39058,39059,3,
004,MBB DEUPS,IT,40020,40022,3,
004,MBB DEUPS,IT,40025,40025,3,
004,MBB DEUPS,IT,40030,40030,3,
004,MBB DEUPS,IT,40032,40032,3,
004,MBB DEUPS,IT,40034,40036,3,
004,MBB DEUPS,IT,40038,40038,3,
004,MBB DEUPS,IT,40040,40040,3,
004,MBB DEUPS,IT,40042,40042,3,
004,MBB DEUPS,IT,40045,40045,3,
004,MBB DEUPS,IT,40048,40048,3,
004,MBB DEUPS,IT,40060,40060,3,
004,MBB DEUPS,IT,40063,40063,3,
004,MBB DEUPS,IT,41020,41025,3,
004,MBB DEUPS,IT,41027,41027,3,
004,MBB DEUPS,IT,41028,41028,3,
004,MBB DEUPS,IT,41029,41029,3,
004,MBB DEUPS,IT,41035,41035,3,
004,MBB DEUPS,IT,41038,41038,3,
004,MBB DEUPS,IT,41040,41040,3,
004,MBB DEUPS,IT,41044,41047,3,
004,MBB DEUPS,IT,41055,41055,3,
004,MBB DEUPS,IT,41059,41059,3,
004,MBB DEUPS,IT,42032,42033,3,
004,MBB DEUPS,IT,42034,42035,3,
004,MBB DEUPS,IT,42036,42037,3,
004,MBB DEUPS,IT,42039,42039,3,
004,MBB DEUPS,IT,43020,43021,3,
004,MBB DEUPS,IT,43024,43025,3,
004,MBB DEUPS,IT,43028,43028,3,
004,MBB DEUPS,IT,43032,43032,3,
004,MBB DEUPS,IT,43041,43043,3,
004,MBB DEUPS,IT,43047,43047,3,
004,MBB DEUPS,IT,43050,43051,3,
004,MBB DEUPS,IT,43053,43053,3,
004,MBB DEUPS,IT,43057,43057,3,
004,MBB DEUPS,IT,44010,44010,3,
004,MBB DEUPS,IT,44017,44017,3,
004,MBB DEUPS,IT,44020,44020,3,
004,MBB DEUPS,IT,44026,44026,3,
004,MBB DEUPS,IT,46022,46022,3,
004,MBB DEUPS,IT,46028,46028,3,
004,MBB DEUPS,IT,47011,47013,3,
004,MBB DEUPS,IT,47016,47018,3,
004,MBB DEUPS,IT,47021,47021,3,
004,MBB DEUPS,IT,47025,47025,3,
004,MBB DEUPS,IT,47026,47028,3,
004,MBB DEUPS,IT,47824,47825,3,
004,MBB DEUPS,IT,47833,47837,3,
004,MBB DEUPS,IT,47890,47890,3,
004,MBB DEUPS,IT,47893,47894,3,
004,MBB DEUPS,IT,47896,47896,3,
004,MBB DEUPS,IT,47898,47898,3,
004,MBB DEUPS,IT,48013,48013,3,
004,MBB DEUPS,IT,48025,48025,3,
004,MBB DEUPS,IT,48028,48028,3,
004,MBB DEUPS,IT,50020,50020,3,
004,MBB DEUPS,IT,50022,50022,3,
004,MBB DEUPS,IT,50030,50030,3,
004,MBB DEUPS,IT,50033,50035,3,
004,MBB DEUPS,IT,50060,50060,3,
004,MBB DEUPS,IT,50066,50066,3,
004,MBB DEUPS,IT,51020,51020,3,
004,MBB DEUPS,IT,51022,51028,3,
004,MBB DEUPS,IT,52012,52018,3,
004,MBB DEUPS,IT,52021,52024,3,
004,MBB DEUPS,IT,52029,52036,3,
004,MBB DEUPS,IT,52038,52038,3,
004,MBB DEUPS,IT,52041,52043,3,
004,MBB DEUPS,IT,52045,52047,3,
004,MBB DEUPS,IT,53010,53010,3,
004,MBB DEUPS,IT,53023,53023,3,
004,MBB DEUPS,IT,53025,53025,3,
004,MBB DEUPS,IT,53030,53030,3,
004,MBB DEUPS,IT,53040,53041,3,
004,MBB DEUPS,IT,53047,53047,3,
004,MBB DEUPS,IT,54010,54030,3,
004,MBB DEUPS,IT,54035,54035,3,
004,MBB DEUPS,IT,55019,55022,3,
004,MBB DEUPS,IT,55024,55028,3,
004,MBB DEUPS,IT,55030,55031,3,
004,MBB DEUPS,IT,55033,55036,3,
004,MBB DEUPS,IT,55038,55038,3,
004,MBB DEUPS,IT,55050,55053,3,
004,MBB DEUPS,IT,55055,55057,3,
004,MBB DEUPS,IT,55060,55065,3,
004,MBB DEUPS,IT,55067,55068,3,
004,MBB DEUPS,IT,56032,56037,3,
004,MBB DEUPS,IT,56040,56041,3,
004,MBB DEUPS,IT,56045,56046,3,
004,MBB DEUPS,IT,56048,56048,3,
004,MBB DEUPS,IT,57027,57027,3,
004,MBB DEUPS,IT,57030,57039,3,
004,MBB DEUPS,IT,58010,58014,3,
004,MBB DEUPS,IT,58017,58018,3,
004,MBB DEUPS,IT,58020,58020,3,
004,MBB DEUPS,IT,58025,58030,3,
004,MBB DEUPS,IT,58032,58032,3,
004,MBB DEUPS,IT,58033,58033,3,
004,MBB DEUPS,IT,58034,58034,3,
004,MBB DEUPS,IT,58038,58038,3,
004,MBB DEUPS,IT,58040,58040,3,
004,MBB DEUPS,IT,58044,58044,3,
004,MBB DEUPS,IT,58050,58050,3,
004,MBB DEUPS,IT,58053,58055,3,
004,MBB DEUPS,IT,59022,59028,3,
004,MBB DEUPS,IT,60011,60011,3,
004,MBB DEUPS,IT,60013,60013,3,
004,MBB DEUPS,IT,60017,60018,3,
004,MBB DEUPS,IT,60029,60029,3,
004,MBB DEUPS,IT,60031,60034,3,
004,MBB DEUPS,IT,60038,60042,3,
004,MBB DEUPS,IT,60045,60046,3,
004,MBB DEUPS,IT,60049,60049,3,
004,MBB DEUPS,IT,61013,61014,3,
004,MBB DEUPS,IT,61016,61019,3,
004,MBB DEUPS,IT,61021,61021,3,
004,MBB DEUPS,IT,61023,61024,3,
004,MBB DEUPS,IT,61028,61028,3,
004,MBB DEUPS,IT,61037,61039,3,
004,MBB DEUPS,IT,61041,61044,3,
004,MBB DEUPS,IT,61045,61045,3,
004,MBB DEUPS,IT,61046,61047,3,
004,MBB DEUPS,IT,62018,62018,3,
004,MBB DEUPS,IT,62020,62020,3,
004,MBB DEUPS,IT,62021,62021,3,
004,MBB DEUPS,IT,62022,62022,3,
004,MBB DEUPS,IT,62025,62026,3,
004,MBB DEUPS,IT,62027,62027,3,
004,MBB DEUPS,IT,62034,62039,3,
004,MBB DEUPS,IT,63012,63012,3,
004,MBB DEUPS,IT,63020,63021,3,
004,MBB DEUPS,IT,63024,63032,3,
004,MBB DEUPS,IT,63034,63036,3,
004,MBB DEUPS,IT,63040,63041,3,
004,MBB DEUPS,IT,63043,63045,3,
004,MBB DEUPS,IT,63047,63049,3,
004,MBB DEUPS,IT,64012,64012,3,
004,MBB DEUPS,IT,64015,64015,3,
004,MBB DEUPS,IT,64017,64017,3,
004,MBB DEUPS,IT,64024,64024,3,
004,MBB DEUPS,IT,64030,64049,3,
004,MBB DEUPS,IT,65011,65012,3,
004,MBB DEUPS,IT,65014,65014,3,
004,MBB DEUPS,IT,65017,65017,3,
004,MBB DEUPS,IT,65019,65029,3,
004,MBB DEUPS,IT,66010,66012,3,
004,MBB DEUPS,IT,66014,66019,3,
004,MBB DEUPS,IT,66021,66022,3,
004,MBB DEUPS,IT,66030,66033,3,
004,MBB DEUPS,IT,66036,66038,3,
004,MBB DEUPS,IT,66040,66040,3,
004,MBB DEUPS,IT,66042,66047,3,
004,MBB DEUPS,IT,66050,66053,3,
004,MBB DEUPS,IT,67010,67038,3,
004,MBB DEUPS,IT,67040,67050,3,
004,MBB DEUPS,IT,67052,67069,3,
004,MBB DEUPS,IT,70011,70011,3,
004,MBB DEUPS,IT,70024,70024,3,
004,MBB DEUPS,IT,70034,70034,3,
004,MBB DEUPS,IT,70036,70036,3,
004,MBB DEUPS,IT,70038,70038,3,
004,MBB DEUPS,IT,70040,70041,3,
004,MBB DEUPS,IT,70046,70046,3,
004,MBB DEUPS,IT,70055,70055,3,
004,MBB DEUPS,IT,70058,70058,3,
004,MBB DEUPS,IT,71012,71015,3,
004,MBB DEUPS,IT,71017,71028,3,
004,MBB DEUPS,IT,71029,71029,3,
004,MBB DEUPS,IT,71030,71035,3,
004,MBB DEUPS,IT,71037,71041,3,
004,MBB DEUPS,IT,71046,71048,3,
004,MBB DEUPS,IT,72018,72018,3,
004,MBB DEUPS,IT,72020,72020,3,
004,MBB DEUPS,IT,72022,72022,3,
004,MBB DEUPS,IT,72024,72029,3,
004,MBB DEUPS,IT,73011,73012,3,
004,MBB DEUPS,IT,73015,73019,3,
004,MBB DEUPS,IT,73021,73023,3,
004,MBB DEUPS,IT,73025,73029,3,
004,MBB DEUPS,IT,73031,73038,3,
004,MBB DEUPS,IT,73041,73041,3,
004,MBB DEUPS,IT,73045,73045,3,
004,MBB DEUPS,IT,73047,73047,3,
004,MBB DEUPS,IT,73049,73054,3,
004,MBB DEUPS,IT,73055,73055,3,
004,MBB DEUPS,IT,73056,73056,3,
004,MBB DEUPS,IT,73057,73057,3,
004,MBB DEUPS,IT,73058,73059,3,
004,MBB DEUPS,IT,74010,74014,3,
004,MBB DEUPS,IT,74017,74019,3,
004,MBB DEUPS,IT,74021,74022,3,
004,MBB DEUPS,IT,74025,74025,3,
004,MBB DEUPS,IT,74026,74026,3,
004,MBB DEUPS,IT,74027,74028,3,
004,MBB DEUPS,IT,75010,75029,3,
004,MBB DEUPS,IT,80036,80036,3,
004,MBB DEUPS,IT,80074,80074,3,
004,MBB DEUPS,IT,80075,80075,3,
004,MBB DEUPS,IT,80079,80079,3,
004,MBB DEUPS,IT,81011,81011,3,
004,MBB DEUPS,IT,81013,81013,3,
004,MBB DEUPS,IT,81053,81053,3,
004,MBB DEUPS,IT,81056,81056,3,
004,MBB DEUPS,IT,81059,81059,3,
004,MBB DEUPS,IT,82010,82010,3,
004,MBB DEUPS,IT,82019,82019,3,
004,MBB DEUPS,IT,82020,82020,3,
004,MBB DEUPS,IT,82030,82030,3,
004,MBB DEUPS,IT,82032,82032,3,
004,MBB DEUPS,IT,82036,82036,3,
004,MBB DEUPS,IT,83023,83023,3,
004,MBB DEUPS,IT,83025,83025,3,
004,MBB DEUPS,IT,83035,83035,3,
004,MBB DEUPS,IT,83036,83036,3,
004,MBB DEUPS,IT,83037,83037,3,
004,MBB DEUPS,IT,83039,83039,3,
004,MBB DEUPS,IT,83040,83040,3,
004,MBB DEUPS,IT,83045,83045,3,
004,MBB DEUPS,IT,83047,83047,3,
004,MBB DEUPS,IT,83051,83051,3,
004,MBB DEUPS,IT,83054,83054,3,
004,MBB DEUPS,IT,84011,84011,3,
004,MBB DEUPS,IT,84020,84020,3,
004,MBB DEUPS,IT,84021,84021,3,
004,MBB DEUPS,IT,84030,84030,3,
004,MBB DEUPS,IT,84034,84034,3,
004,MBB DEUPS,IT,84040,84040,3,
004,MBB DEUPS,IT,84043,84043,3,
004,MBB DEUPS,IT,84044,84044,3,
004,MBB DEUPS,IT,84047,84047,3,
004,MBB DEUPS,IT,84048,84048,3,
004,MBB DEUPS,IT,84049,84049,3,
004,MBB DEUPS,IT,84050,84050,3,
004,MBB DEUPS,IT,84060,84060,3,
004,MBB DEUPS,IT,84062,84062,3,
004,MBB DEUPS,IT,84080,84080,3,
004,MBB DEUPS,IT,84086,84086,3,
004,MBB DEUPS,IT,84087,84088,3,
004,MBB DEUPS,IT,84090,84090,3,
004,MBB DEUPS,IT,84095,84096,3,
004,MBB DEUPS,IT,84098,84098,3,
004,MBB DEUPS,IT,84134,84134,3,
004,MBB DEUPS,IT,85010,85018,3,
004,MBB DEUPS,IT,85020,85038,3,
004,MBB DEUPS,IT,85040,85040,3,
004,MBB DEUPS,IT,85042,85044,3,
004,MBB DEUPS,IT,85046,85046,3,
004,MBB DEUPS,IT,85048,85059,3,
004,MBB DEUPS,IT,86010,86033,3,
004,MBB DEUPS,IT,86035,86038,3,
004,MBB DEUPS,IT,86040,86049,3,
004,MBB DEUPS,IT,86070,86075,3,
004,MBB DEUPS,IT,86077,86097,3,
004,MBB DEUPS,IT,89853,89853,3,
004,MBB DEUPS,NL,1790,1797,3,
004,MBB DEUPS,NL,4500,4589,3,
004,MBB DEUPS,NL,8880,8899,3,
004,MBB DEUPS,NL,9160,9166,3,
004,MBB DEUPS,PL,11131,11132,3,
004,MBB DEUPS,PL,11210,11213,3,
004,MBB DEUPS,PL,11408,11412,3,
004,MBB DEUPS,PL,11423,11423,3,
004,MBB DEUPS,PL,11430,11439,3,
004,MBB DEUPS,PL,11505,11519,3,
004,MBB DEUPS,PL,11536,11536,3,
004,MBB DEUPS,PL,11603,11609,3,
004,MBB DEUPS,PL,11612,11619,3,
004,MBB DEUPS,PL,11630,11699,3,
004,MBB DEUPS,PL,12205,12209,3,
004,MBB DEUPS,PL,12240,12299,3,
004,MBB DEUPS,PL,14503,14514,3,
004,MBB DEUPS,PL,14522,14528,3,
004,MBB DEUPS,PL,14531,14531,3,
004,MBB DEUPS,PL,16004,16004,3,
004,MBB DEUPS,PL,16040,16049,3,
004,MBB DEUPS,PL,16104,16120,3,
004,MBB DEUPS,PL,16123,16299,3,
004,MBB DEUPS,PL,16306,16319,3,
004,MBB DEUPS,PL,16326,16326,3,
004,MBB DEUPS,PL,16505,16507,3,
004,MBB DEUPS,PL,17111,17119,3,
004,MBB DEUPS,PL,17305,17306,3,
004,MBB DEUPS,PL,17313,17399,3,
004,MBB DEUPS,PL,18231,18231,3,
004,MBB DEUPS,PL,19321,19324,3,
004,MBB DEUPS,PL,19326,19332,3,
004,MBB DEUPS,PL,19412,19421,3,
004,MBB DEUPS,PL,19506,19599,3,
004,MBB DEUPS,PL,21104,21106,3,
004,MBB DEUPS,PL,21202,21299,3,
004,MBB DEUPS,PL,21508,21510,3,
004,MBB DEUPS,PL,21515,21535,3,
004,MBB DEUPS,PL,21580,21580,3,
004,MBB DEUPS,PL,22105,22129,3,
004,MBB DEUPS,PL,22135,22149,3,
004,MBB DEUPS,PL,22151,22169,3,
004,MBB DEUPS,PL,22176,22199,3,
004,MBB DEUPS,PL,22202,22231,3,
004,MBB DEUPS,PL,22233,22233,3,
004,MBB DEUPS,PL,22236,22299,3,
004,MBB DEUPS,PL,22304,22314,3,
004,MBB DEUPS,PL,22411,22411,3,
004,MBB DEUPS,PL,22420,22422,3,
004,MBB DEUPS,PL,22425,22425,3,
004,MBB DEUPS,PL,22435,22440,3,
004,MBB DEUPS,PL,22443,22443,3,
004,MBB DEUPS,PL,22456,22456,3,
004,MBB DEUPS,PL,22505,22549,3,
004,MBB DEUPS,PL,22557,22564,3,
004,MBB DEUPS,PL,22604,22669,3,
004,MBB DEUPS,PL,22674,22679,3,
004,MBB DEUPS,PL,33384,33385,3,
004,MBB DEUPS,PL,33387,33387,3,
004,MBB DEUPS,PL,33391,33392,3,
004,MBB DEUPS,PL,34221,34230,3,
004,MBB DEUPS,PL,34332,34339,3,
004,MBB DEUPS,PL,34360,34380,3,
004,MBB DEUPS,PL,34383,34399,3,
004,MBB DEUPS,PL,34405,34408,3,
004,MBB DEUPS,PL,34431,34449,3,
004,MBB DEUPS,PL,34452,34459,3,
004,MBB DEUPS,PL,34461,34479,3,
004,MBB DEUPS,PL,34482,34499,3,
004,MBB DEUPS,PL,34512,34519,3,
004,MBB DEUPS,PL,34521,34529,3,
004,MBB DEUPS,PL,34531,34599,3,
004,MBB DEUPS,PL,34604,34605,3,
004,MBB DEUPS,PL,34609,34615,3,
004,MBB DEUPS,PL,34731,34740,3,
004,MBB DEUPS,PL,34787,34787,3,
004,MBB DEUPS,PL,37610,37624,3,
004,MBB DEUPS,PL,37628,37629,3,
004,MBB DEUPS,PL,38221,38221,3,
004,MBB DEUPS,PL,38224,38229,3,
004,MBB DEUPS,PL,38231,38240,3,
004,MBB DEUPS,PL,38309,38310,3,
004,MBB DEUPS,PL,38313,38316,3,
004,MBB DEUPS,PL,38453,38453,3,
004,MBB DEUPS,PL,38461,38461,3,
004,MBB DEUPS,PL,38517,38520,3,
004,MBB DEUPS,PL,38531,38531,3,
004,MBB DEUPS,PL,38541,38599,3,
004,MBB DEUPS,PL,38604,38620,3,
004,MBB DEUPS,PL,38704,38710,3,
004,MBB DEUPS,PL,38713,38720,3,
004,MBB DEUPS,PL,72204,72207,3,
004,MBB DEUPS,PL,72306,72309,3,
004,MBB DEUPS,PL,72341,72349,3,
004,MBB DEUPS,PL,72401,72499,3,
004,MBB DEUPS,PL,73220,73235,3,
004,MBB DEUPS,PL,76012,76020,3,
004,MBB DEUPS,PL,77304,77309,3,
004,MBB DEUPS,PL,78411,78430,3,
004,MBB DEUPS,PL,78450,78459,3,
004,MBB DEUPS,PL,78512,78519,3,
004,MBB DEUPS,PL,78530,78549,3,
004,MBB DEUPS,PT,0000000,0999999,3,
004,MBB DEUPS,PT,5001000,5999999,3,
004,MBB DEUPS,PT,6441000,7999999,3,
004,MBB DEUPS,ES,01110,01169,3,
004,MBB DEUPS,ES,01171,01189,3,
004,MBB DEUPS,ES,01191,01194,3,
004,MBB DEUPS,ES,01196,01199,3,
004,MBB DEUPS,ES,01201,01212,3,
004,MBB DEUPS,ES,01215,01250,3,
004,MBB DEUPS,ES,01252,01299,3,
004,MBB DEUPS,ES,01301,01305,3,
004,MBB DEUPS,ES,01307,01310,3,
004,MBB DEUPS,ES,01314,01319,3,
004,MBB DEUPS,ES,01321,01340,3,
004,MBB DEUPS,ES,01420,01423,3,
004,MBB DEUPS,ES,01426,01428,3,
004,MBB DEUPS,ES,01430,01468,3,
004,MBB DEUPS,ES,01474,01478,3,
004,MBB DEUPS,ES,01511,01748,3,
004,MBB DEUPS,ES,01750,01999,3,
004,MBB DEUPS,ES,02100,02137,3,
004,MBB DEUPS,ES,02139,02179,3,
004,MBB DEUPS,ES,02181,02279,3,
004,MBB DEUPS,ES,02281,02360,3,
004,MBB DEUPS,ES,02409,02458,3,
004,MBB DEUPS,ES,02460,02460,3,
004,MBB DEUPS,ES,02463,02469,3,
004,MBB DEUPS,ES,02471,02481,3,
004,MBB DEUPS,ES,02490,02510,3,
004,MBB DEUPS,ES,02513,02533,3,
004,MBB DEUPS,ES,02610,02620,3,
004,MBB DEUPS,ES,02636,02639,3,
004,MBB DEUPS,ES,02650,02659,3,
004,MBB DEUPS,ES,02661,02999,3,
004,MBB DEUPS,ES,03108,03109,3,
004,MBB DEUPS,ES,03111,03112,3,
004,MBB DEUPS,ES,03115,03115,3,
004,MBB DEUPS,ES,03138,03139,3,
004,MBB DEUPS,ES,03149,03149,3,
004,MBB DEUPS,ES,03151,03157,3,
004,MBB DEUPS,ES,03159,03159,3,
004,MBB DEUPS,ES,03171,03176,3,
004,MBB DEUPS,ES,03178,03179,3,
004,MBB DEUPS,ES,03186,03188,3,
004,MBB DEUPS,ES,03292,03292,3,
004,MBB DEUPS,ES,03296,03296,3,
004,MBB DEUPS,ES,03310,03316,3,
004,MBB DEUPS,ES,03318,03319,3,
004,MBB DEUPS,ES,03341,03348,3,
004,MBB DEUPS,ES,03369,03390,3,
004,MBB DEUPS,ES,03408,03409,3,
004,MBB DEUPS,ES,03459,03469,3,
004,MBB DEUPS,ES,03511,03520,3,
004,MBB DEUPS,ES,03569,03569,3,
004,MBB DEUPS,ES,03578,03579,3,
004,MBB DEUPS,ES,03639,03639,3,
004,MBB DEUPS,ES,03649,03649,3,
004,MBB DEUPS,ES,03657,03659,3,
004,MBB DEUPS,ES,03668,03679,3,
004,MBB DEUPS,ES,03688,03689,3,
004,MBB DEUPS,ES,03699,03699,3,
004,MBB DEUPS,ES,03709,03709,3,
004,MBB DEUPS,ES,03724,03724,3,
004,MBB DEUPS,ES,03727,03729,3,
004,MBB DEUPS,ES,03737,03737,3,
004,MBB DEUPS,ES,03741,03749,3,
004,MBB DEUPS,ES,03751,03759,3,
004,MBB DEUPS,ES,03761,03779,3,
004,MBB DEUPS,ES,03786,03795,3,
004,MBB DEUPS,ES,03810,03817,3,
004,MBB DEUPS,ES,03819,03819,3,
004,MBB DEUPS,ES,03827,03828,3,
004,MBB DEUPS,ES,03837,03903,3,
004,MBB DEUPS,ES,03905,03999,3,
004,MBB DEUPS,ES,04110,04119,3,
004,MBB DEUPS,ES,04121,04129,3,
004,MBB DEUPS,ES,04131,04150,3,
004,MBB DEUPS,ES,04160,04191,3,
004,MBB DEUPS,ES,04193,04229,3,
004,MBB DEUPS,ES,04231,04239,3,
004,MBB DEUPS,ES,04241,04339,3,
004,MBB DEUPS,ES,04341,04409,3,
004,MBB DEUPS,ES,04411,04569,3,
004,MBB DEUPS,ES,04619,04619,3,
004,MBB DEUPS,ES,04621,04661,3,
004,MBB DEUPS,ES,04694,04694,3,
004,MBB DEUPS,ES,04710,04719,3,
004,MBB DEUPS,ES,04729,04730,3,
004,MBB DEUPS,ES,04741,04750,3,
004,MBB DEUPS,ES,04768,04768,3,
004,MBB DEUPS,ES,04778,04814,3,
004,MBB DEUPS,ES,04820,04866,3,
004,MBB DEUPS,ES,04868,04999,3,
004,MBB DEUPS,ES,05100,05120,3,
004,MBB DEUPS,ES,05122,05123,3,
004,MBB DEUPS,ES,05125,05143,3,
004,MBB DEUPS,ES,05145,05160,3,
004,MBB DEUPS,ES,05162,05199,3,
004,MBB DEUPS,ES,05201,05294,3,
004,MBB DEUPS,ES,05296,05296,3,
004,MBB DEUPS,ES,05298,05312,3,
004,MBB DEUPS,ES,05314,05329,3,
004,MBB DEUPS,ES,05331,05368,3,
004,MBB DEUPS,ES,05370,05377,3,
004,MBB DEUPS,ES,05380,05389,3,
004,MBB DEUPS,ES,05391,05410,3,
004,MBB DEUPS,ES,05412,05510,3,
004,MBB DEUPS,ES,05514,05569,3,
004,MBB DEUPS,ES,05571,05580,3,
004,MBB DEUPS,ES,05583,05589,3,
004,MBB DEUPS,ES,05591,05621,3,
004,MBB DEUPS,ES,05623,05697,3,
004,MBB DEUPS,ES,05699,05999,3,
004,MBB DEUPS,ES,06105,06197,3,
004,MBB DEUPS,ES,06207,06210,3,
004,MBB DEUPS,ES,06225,06293,3,
004,MBB DEUPS,ES,06310,06328,3,
004,MBB DEUPS,ES,06330,06394,3,
004,MBB DEUPS,ES,06410,06479,3,
004,MBB DEUPS,ES,06486,06613,3,
004,MBB DEUPS,ES,06615,06657,3,
004,MBB DEUPS,ES,06659,06687,3,
004,MBB DEUPS,ES,06689,06693,3,
004,MBB DEUPS,ES,06710,06717,3,
004,MBB DEUPS,ES,06719,06770,3,
004,MBB DEUPS,ES,06810,06928,3,
004,MBB DEUPS,ES,06930,06999,3,
004,MBB DEUPS,ES,07101,07110,3,
004,MBB DEUPS,ES,07140,07140,3,
004,MBB DEUPS,ES,07142,07179,3,
004,MBB DEUPS,ES,07182,07183,3,
004,MBB DEUPS,ES,07190,07196,3,
004,MBB DEUPS,ES,07208,07260,3,
004,MBB DEUPS,ES,07310,07319,3,
004,MBB DEUPS,ES,07349,07349,3,
004,MBB DEUPS,ES,07369,07399,3,
004,MBB DEUPS,ES,07401,07459,3,
004,MBB DEUPS,ES,07469,07470,3,
004,MBB DEUPS,ES,07509,07540,3,
004,MBB DEUPS,ES,07559,07599,3,
004,MBB DEUPS,ES,07629,07640,3,
004,MBB DEUPS,ES,07659,07689,3,
004,MBB DEUPS,ES,07691,07691,3,
004,MBB DEUPS,ES,07710,07713,3,
004,MBB DEUPS,ES,07720,07729,3,
004,MBB DEUPS,ES,07731,07750,3,
004,MBB DEUPS,ES,07810,07816,3,
004,MBB DEUPS,ES,07818,07819,3,
004,MBB DEUPS,ES,07828,07829,3,
004,MBB DEUPS,ES,07839,07839,3,
004,MBB DEUPS,ES,07849,07999,3,
004,MBB DEUPS,ES,08104,08104,3,
004,MBB DEUPS,ES,08106,08106,3,
004,MBB DEUPS,ES,08146,08148,3,
004,MBB DEUPS,ES,08178,08179,3,
004,MBB DEUPS,ES,08183,08183,3,
004,MBB DEUPS,ES,08188,08189,3,
004,MBB DEUPS,ES,08194,08194,3,
004,MBB DEUPS,ES,08199,08199,3,
004,MBB DEUPS,ES,08212,08212,3,
004,MBB DEUPS,ES,08252,08252,3,
004,MBB DEUPS,ES,08254,08259,3,
004,MBB DEUPS,ES,08262,08269,3,
004,MBB DEUPS,ES,08273,08274,3,
004,MBB DEUPS,ES,08276,08279,3,
004,MBB DEUPS,ES,08281,08289,3,
004,MBB DEUPS,ES,08294,08294,3,
004,MBB DEUPS,ES,08298,08299,3,
004,MBB DEUPS,ES,08317,08318,3,
004,MBB DEUPS,ES,08359,08359,3,
004,MBB DEUPS,ES,08393,08393,3,
004,MBB DEUPS,ES,08396,08396,3,
004,MBB DEUPS,ES,08398,08398,3,
004,MBB DEUPS,ES,08411,08414,3,
004,MBB DEUPS,ES,08416,08416,3,
004,MBB DEUPS,ES,08445,08449,3,
004,MBB DEUPS,ES,08451,08457,3,
004,MBB DEUPS,ES,08474,08474,3,
004,MBB DEUPS,ES,08495,08495,3,
004,MBB DEUPS,ES,08505,08505,3,
004,MBB DEUPS,ES,08509,08509,3,
004,MBB DEUPS,ES,08511,08511,3,
004,MBB DEUPS,ES,08513,08515,3,
004,MBB DEUPS,ES,08517,08518,3,
004,MBB DEUPS,ES,08521,08521,3,
004,MBB DEUPS,ES,08541,08549,3,
004,MBB DEUPS,ES,08569,08569,3,
004,MBB DEUPS,ES,08573,08578,3,
004,MBB DEUPS,ES,08581,08584,3,
004,MBB DEUPS,ES,08586,08590,3,
004,MBB DEUPS,ES,08592,08593,3,
004,MBB DEUPS,ES,08611,08619,3,
004,MBB DEUPS,ES,08631,08634,3,
004,MBB DEUPS,ES,08651,08659,3,
004,MBB DEUPS,ES,08661,08669,3,
004,MBB DEUPS,ES,08672,08689,3,
004,MBB DEUPS,ES,08693,08694,3,
004,MBB DEUPS,ES,08696,08699,3,
004,MBB DEUPS,ES,08710,08710,3,
004,MBB DEUPS,ES,08712,08719,3,
004,MBB DEUPS,ES,08733,08733,3,
004,MBB DEUPS,ES,08736,08738,3,
004,MBB DEUPS,ES,08753,08753,3,
004,MBB DEUPS,ES,08773,08774,3,
004,MBB DEUPS,ES,08776,08777,3,
004,MBB DEUPS,ES,08779,08779,3,
004,MBB DEUPS,ES,08782,08782,3,
004,MBB DEUPS,ES,08789,08789,3,
004,MBB DEUPS,ES,08793,08793,3,
004,MBB DEUPS,ES,08797,08797,3,
004,MBB DEUPS,ES,08799,08799,3,
004,MBB DEUPS,ES,08813,08818,3,
004,MBB DEUPS,ES,08871,08879,3,
004,MBB DEUPS,ES,08881,08898,3,
004,MBB DEUPS,ES,09100,09150,3,
004,MBB DEUPS,ES,09152,09199,3,
004,MBB DEUPS,ES,09210,09239,3,
004,MBB DEUPS,ES,09241,09288,3,
004,MBB DEUPS,ES,09290,09290,3,
004,MBB DEUPS,ES,09292,09339,3,
004,MBB DEUPS,ES,09341,09379,3,
004,MBB DEUPS,ES,09381,09391,3,
004,MBB DEUPS,ES,09410,09418,3,
004,MBB DEUPS,ES,09420,09431,3,
004,MBB DEUPS,ES,09433,09499,3,
004,MBB DEUPS,ES,09501,09519,3,
004,MBB DEUPS,ES,09521,09629,3,
004,MBB DEUPS,ES,09631,09660,3,
004,MBB DEUPS,ES,09662,09999,3,
004,MBB DEUPS,ES,10101,10219,3,
004,MBB DEUPS,ES,10221,10292,3,
004,MBB DEUPS,ES,10317,10399,3,
004,MBB DEUPS,ES,10401,10440,3,
004,MBB DEUPS,ES,10442,10508,3,
004,MBB DEUPS,ES,10510,10516,3,
004,MBB DEUPS,ES,10518,10592,3,
004,MBB DEUPS,ES,10610,10667,3,
004,MBB DEUPS,ES,10669,10744,3,
004,MBB DEUPS,ES,10746,10759,3,
004,MBB DEUPS,ES,10810,10919,3,
004,MBB DEUPS,ES,10921,10988,3,
004,MBB DEUPS,ES,10990,10999,3,
004,MBB DEUPS,ES,11120,11120,3,
004,MBB DEUPS,ES,11138,11138,3,
004,MBB DEUPS,ES,11149,11149,3,
004,MBB DEUPS,ES,11158,11159,3,
004,MBB DEUPS,ES,11178,11190,3,
004,MBB DEUPS,ES,11310,11310,3,
004,MBB DEUPS,ES,11312,11351,3,
004,MBB DEUPS,ES,11369,11369,3,
004,MBB DEUPS,ES,11390,11399,3,
004,MBB DEUPS,ES,11518,11519,3,
004,MBB DEUPS,ES,11549,11549,3,
004,MBB DEUPS,ES,11560,11597,3,
004,MBB DEUPS,ES,11610,11620,3,
004,MBB DEUPS,ES,11638,11649,3,
004,MBB DEUPS,ES,11659,11999,3,
004,MBB DEUPS,ES,12118,12129,3,
004,MBB DEUPS,ES,12131,12189,3,
004,MBB DEUPS,ES,12193,12194,3,
004,MBB DEUPS,ES,12211,12399,3,
004,MBB DEUPS,ES,12401,12410,3,
004,MBB DEUPS,ES,12412,12499,3,
004,MBB DEUPS,ES,12510,12513,3,
004,MBB DEUPS,ES,12526,12529,3,
004,MBB DEUPS,ES,12570,12579,3,
004,MBB DEUPS,ES,12589,12592,3,
004,MBB DEUPS,ES,12595,12599,3,
004,MBB DEUPS,ES,12609,12999,3,
004,MBB DEUPS,ES,13100,13160,3,
004,MBB DEUPS,ES,13179,13197,3,
004,MBB DEUPS,ES,13210,13230,3,
004,MBB DEUPS,ES,13247,13249,3,
004,MBB DEUPS,ES,13270,13279,3,
004,MBB DEUPS,ES,13310,13498,3,
004,MBB DEUPS,ES,13580,13598,3,
004,MBB DEUPS,ES,13619,13628,3,
004,MBB DEUPS,ES,13640,13690,3,
004,MBB DEUPS,ES,13710,13999,3,
004,MBB DEUPS,ES,14029,14029,3,
004,MBB DEUPS,ES,14110,14193,3,
004,MBB DEUPS,ES,14206,14218,3,
004,MBB DEUPS,ES,14220,14339,3,
004,MBB DEUPS,ES,14341,14350,3,
004,MBB DEUPS,ES,14410,14491,3,
004,MBB DEUPS,ES,14510,14549,3,
004,MBB DEUPS,ES,14600,14670,3,
004,MBB DEUPS,ES,14709,14740,3,
004,MBB DEUPS,ES,14810,14814,3,
004,MBB DEUPS,ES,14816,14840,3,
004,MBB DEUPS,ES,14857,14880,3,
004,MBB DEUPS,ES,14910,14915,3,
004,MBB DEUPS,ES,14930,14930,3,
004,MBB DEUPS,ES,14950,14950,3,
004,MBB DEUPS,ES,14970,14999,3,
004,MBB DEUPS,ES,15101,15101,3,
004,MBB DEUPS,ES,15105,15108,3,
004,MBB DEUPS,ES,15110,15139,3,
004,MBB DEUPS,ES,15143,15143,3,
004,MBB DEUPS,ES,15146,15155,3,
004,MBB DEUPS,ES,15161,15161,3,
004,MBB DEUPS,ES,15166,15171,3,
004,MBB DEUPS,ES,15174,15179,3,
004,MBB DEUPS,ES,15182,15188,3,
004,MBB DEUPS,ES,15191,15199,3,
004,MBB DEUPS,ES,15210,15216,3,
004,MBB DEUPS,ES,15221,15228,3,
004,MBB DEUPS,ES,15236,15240,3,
004,MBB DEUPS,ES,15256,15269,3,
004,MBB DEUPS,ES,15271,15289,3,
004,MBB DEUPS,ES,15292,15299,3,
004,MBB DEUPS,ES,15306,15311,3,
004,MBB DEUPS,ES,15313,15318,3,
004,MBB DEUPS,ES,15324,15334,3,
004,MBB DEUPS,ES,15336,15392,3,
004,MBB DEUPS,ES,15485,15494,3,
004,MBB DEUPS,ES,15509,15556,3,
004,MBB DEUPS,ES,15561,15569,3,
004,MBB DEUPS,ES,15571,15571,3,
004,MBB DEUPS,ES,15573,15577,3,
004,MBB DEUPS,ES,15579,15584,3,
004,MBB DEUPS,ES,15590,15619,3,
004,MBB DEUPS,ES,15621,15630,3,
004,MBB DEUPS,ES,15637,15659,3,
004,MBB DEUPS,ES,15668,15669,3,
004,MBB DEUPS,ES,15671,15679,3,
004,MBB DEUPS,ES,15681,15687,3,
004,MBB DEUPS,ES,15690,15692,3,
004,MBB DEUPS,ES,15800,15819,3,
004,MBB DEUPS,ES,15821,15829,3,
004,MBB DEUPS,ES,15831,15839,3,
004,MBB DEUPS,ES,15841,15863,3,
004,MBB DEUPS,ES,15865,15882,3,
004,MBB DEUPS,ES,15884,15885,3,
004,MBB DEUPS,ES,15887,15889,3,
004,MBB DEUPS,ES,15891,15894,3,
004,MBB DEUPS,ES,15896,15897,3,
004,MBB DEUPS,ES,15899,15899,3,
004,MBB DEUPS,ES,15910,15917,3,
004,MBB DEUPS,ES,15928,15928,3,
004,MBB DEUPS,ES,15938,15939,3,
004,MBB DEUPS,ES,15947,15959,3,
004,MBB DEUPS,ES,15964,15969,3,
004,MBB DEUPS,ES,15978,15992,3,
004,MBB DEUPS,ES,15994,15994,3,
004,MBB DEUPS,ES,15996,15999,3,
004,MBB DEUPS,ES,16100,16109,3,
004,MBB DEUPS,ES,16111,16114,3,
004,MBB DEUPS,ES,16118,16129,3,
004,MBB DEUPS,ES,16133,16150,3,
004,MBB DEUPS,ES,16152,16309,3,
004,MBB DEUPS,ES,16311,16313,3,
004,MBB DEUPS,ES,16315,16340,3,
004,MBB DEUPS,ES,16344,16358,3,
004,MBB DEUPS,ES,16360,16360,3,
004,MBB DEUPS,ES,16362,16390,3,
004,MBB DEUPS,ES,16393,16393,3,
004,MBB DEUPS,ES,16410,16415,3,
004,MBB DEUPS,ES,16417,16450,3,
004,MBB DEUPS,ES,16452,16530,3,
004,MBB DEUPS,ES,16532,16532,3,
004,MBB DEUPS,ES,16534,16542,3,
004,MBB DEUPS,ES,16544,16749,3,
004,MBB DEUPS,ES,16751,16781,3,
004,MBB DEUPS,ES,16783,16788,3,
004,MBB DEUPS,ES,16790,16810,3,
004,MBB DEUPS,ES,16812,16820,3,
004,MBB DEUPS,ES,16823,16829,3,
004,MBB DEUPS,ES,16831,16845,3,
004,MBB DEUPS,ES,16847,16999,3,
004,MBB DEUPS,ES,17100,17119,3,
004,MBB DEUPS,ES,17121,17129,3,
004,MBB DEUPS,ES,17131,17149,3,
004,MBB DEUPS,ES,17152,17161,3,
004,MBB DEUPS,ES,17163,17172,3,
004,MBB DEUPS,ES,17174,17179,3,
004,MBB DEUPS,ES,17182,17184,3,
004,MBB DEUPS,ES,17199,17199,3,
004,MBB DEUPS,ES,17210,17214,3,
004,MBB DEUPS,ES,17241,17241,3,
004,MBB DEUPS,ES,17243,17243,3,
004,MBB DEUPS,ES,17247,17248,3,
004,MBB DEUPS,ES,17252,17256,3,
004,MBB DEUPS,ES,17258,17258,3,
004,MBB DEUPS,ES,17321,17401,3,
004,MBB DEUPS,ES,17403,17429,3,
004,MBB DEUPS,ES,17431,17441,3,
004,MBB DEUPS,ES,17446,17456,3,
004,MBB DEUPS,ES,17459,17459,3,
004,MBB DEUPS,ES,17461,17476,3,
004,MBB DEUPS,ES,17482,17486,3,
004,MBB DEUPS,ES,17488,17489,3,
004,MBB DEUPS,ES,17491,17497,3,
004,MBB DEUPS,ES,17512,17512,3,
004,MBB DEUPS,ES,17515,17519,3,
004,MBB DEUPS,ES,17521,17531,3,
004,MBB DEUPS,ES,17533,17583,3,
004,MBB DEUPS,ES,17700,17709,3,
004,MBB DEUPS,ES,17711,17720,3,
004,MBB DEUPS,ES,17722,17733,3,
004,MBB DEUPS,ES,17735,17754,3,
004,MBB DEUPS,ES,17756,17770,3,
004,MBB DEUPS,ES,17772,17781,3,
004,MBB DEUPS,ES,17810,17814,3,
004,MBB DEUPS,ES,17830,17833,3,
004,MBB DEUPS,ES,17835,17839,3,
004,MBB DEUPS,ES,17841,17842,3,
004,MBB DEUPS,ES,17845,17854,3,
004,MBB DEUPS,ES,17856,17865,3,
004,MBB DEUPS,ES,17867,17999,3,
004,MBB DEUPS,ES,18111,18132,3,
004,MBB DEUPS,ES,18152,18189,3,
004,MBB DEUPS,ES,18191,18193,3,
004,MBB DEUPS,ES,18195,18197,3,
004,MBB DEUPS,ES,18247,18250,3,
004,MBB DEUPS,ES,18270,18295,3,
004,MBB DEUPS,ES,18310,18314,3,
004,MBB DEUPS,ES,18327,18339,3,
004,MBB DEUPS,ES,18341,18495,3,
004,MBB DEUPS,ES,18510,18570,3,
004,MBB DEUPS,ES,18610,18619,3,
004,MBB DEUPS,ES,18621,18629,3,
004,MBB DEUPS,ES,18631,18670,3,
004,MBB DEUPS,ES,18697,18770,3,
004,MBB DEUPS,ES,18810,18999,3,
004,MBB DEUPS,ES,19100,19169,3,
004,MBB DEUPS,ES,19171,19179,3,
004,MBB DEUPS,ES,19181,19190,3,
004,MBB DEUPS,ES,19192,19193,3,
004,MBB DEUPS,ES,19196,19198,3,
004,MBB DEUPS,ES,19209,19281,3,
004,MBB DEUPS,ES,19283,19290,3,
004,MBB DEUPS,ES,19292,19292,3,
004,MBB DEUPS,ES,19294,19315,3,
004,MBB DEUPS,ES,19317,19321,3,
004,MBB DEUPS,ES,19323,19329,3,
004,MBB DEUPS,ES,19331,19334,3,
004,MBB DEUPS,ES,19336,19409,3,
004,MBB DEUPS,ES,19411,19427,3,
004,MBB DEUPS,ES,19429,19429,3,
004,MBB DEUPS,ES,19431,19432,3,
004,MBB DEUPS,ES,19434,19439,3,
004,MBB DEUPS,ES,19441,19493,3,
004,MBB DEUPS,ES,19495,19999,3,
004,MBB DEUPS,ES,20128,20129,3,
004,MBB DEUPS,ES,20151,20158,3,
004,MBB DEUPS,ES,20171,20179,3,
004,MBB DEUPS,ES,20211,20211,3,
004,MBB DEUPS,ES,20214,20229,3,
004,MBB DEUPS,ES,20231,20239,3,
004,MBB DEUPS,ES,20241,20249,3,
004,MBB DEUPS,ES,20251,20267,3,
004,MBB DEUPS,ES,20269,20269,3,
004,MBB DEUPS,ES,20490,20496,3,
004,MBB DEUPS,ES,20509,20539,3,
004,MBB DEUPS,ES,20541,20549,3,
004,MBB DEUPS,ES,20568,20568,3,
004,MBB DEUPS,ES,20578,20578,3,
004,MBB DEUPS,ES,20580,20589,3,
004,MBB DEUPS,ES,20690,20690,3,
004,MBB DEUPS,ES,20737,20748,3,
004,MBB DEUPS,ES,20751,20759,3,
004,MBB DEUPS,ES,20809,20809,3,
004,MBB DEUPS,ES,20811,20819,3,
004,MBB DEUPS,ES,20821,20828,3,
004,MBB DEUPS,ES,20830,20849,3,
004,MBB DEUPS,ES,20851,20869,3,
004,MBB DEUPS,ES,20871,20898,3,
004,MBB DEUPS,ES,21120,21190,3,
004,MBB DEUPS,ES,21192,21199,3,
004,MBB DEUPS,ES,21201,21293,3,
004,MBB DEUPS,ES,21295,21340,3,
004,MBB DEUPS,ES,21342,21368,3,
004,MBB DEUPS,ES,21371,21390,3,
004,MBB DEUPS,ES,21409,21409,3,
004,MBB DEUPS,ES,21420,21430,3,
004,MBB DEUPS,ES,21449,21449,3,
004,MBB DEUPS,ES,21459,21459,3,
004,MBB DEUPS,ES,21510,21595,3,
004,MBB DEUPS,ES,21609,21700,3,
004,MBB DEUPS,ES,21720,21720,3,
004,MBB DEUPS,ES,21740,21760,3,
004,MBB DEUPS,ES,21811,21999,3,
004,MBB DEUPS,ES,22100,22109,3,
004,MBB DEUPS,ES,22111,22111,3,
004,MBB DEUPS,ES,22114,22129,3,
004,MBB DEUPS,ES,22131,22133,3,
004,MBB DEUPS,ES,22135,22139,3,
004,MBB DEUPS,ES,22141,22160,3,
004,MBB DEUPS,ES,22163,22210,3,
004,MBB DEUPS,ES,22212,22253,3,
004,MBB DEUPS,ES,22255,22281,3,
004,MBB DEUPS,ES,22283,22283,3,
004,MBB DEUPS,ES,22310,22395,3,
004,MBB DEUPS,ES,22410,22424,3,
004,MBB DEUPS,ES,22426,22499,3,
004,MBB DEUPS,ES,22501,22514,3,
004,MBB DEUPS,ES,22528,22530,3,
004,MBB DEUPS,ES,22532,22599,3,
004,MBB DEUPS,ES,22609,22666,3,
004,MBB DEUPS,ES,22709,22999,3,
004,MBB DEUPS,ES,23100,23196,3,
004,MBB DEUPS,ES,23211,23298,3,
004,MBB DEUPS,ES,23310,23393,3,
004,MBB DEUPS,ES,23410,23430,3,
004,MBB DEUPS,ES,23450,23489,3,
004,MBB DEUPS,ES,23499,23499,3,
004,MBB DEUPS,ES,23509,23592,3,
004,MBB DEUPS,ES,23610,23619,3,
004,MBB DEUPS,ES,23621,23639,3,
004,MBB DEUPS,ES,23649,23649,3,
004,MBB DEUPS,ES,23657,23659,3,
004,MBB DEUPS,ES,23669,23670,3,
004,MBB DEUPS,ES,23684,23693,3,
004,MBB DEUPS,ES,23711,23730,3,
004,MBB DEUPS,ES,23746,23999,3,
004,MBB DEUPS,ES,24100,24146,3,
004,MBB DEUPS,ES,24149,24149,3,
004,MBB DEUPS,ES,24152,24197,3,
004,MBB DEUPS,ES,24199,24230,3,
004,MBB DEUPS,ES,24232,24254,3,
004,MBB DEUPS,ES,24256,24294,3,
004,MBB DEUPS,ES,24310,24364,3,
004,MBB DEUPS,ES,24366,24398,3,
004,MBB DEUPS,ES,24411,24457,3,
004,MBB DEUPS,ES,24459,24699,3,
004,MBB DEUPS,ES,24710,24746,3,
004,MBB DEUPS,ES,24760,24894,3,
004,MBB DEUPS,ES,24896,24909,3,
004,MBB DEUPS,ES,24911,24999,3,
004,MBB DEUPS,ES,25101,25108,3,
004,MBB DEUPS,ES,25111,25115,3,
004,MBB DEUPS,ES,25117,25122,3,
004,MBB DEUPS,ES,25126,25151,3,
004,MBB DEUPS,ES,25153,25159,3,
004,MBB DEUPS,ES,25161,25167,3,
004,MBB DEUPS,ES,25169,25179,3,
004,MBB DEUPS,ES,25181,25187,3,
004,MBB DEUPS,ES,25201,25203,3,
004,MBB DEUPS,ES,25205,25209,3,
004,MBB DEUPS,ES,25211,25219,3,
004,MBB DEUPS,ES,25221,25221,3,
004,MBB DEUPS,ES,25240,25240,3,
004,MBB DEUPS,ES,25242,25249,3,
004,MBB DEUPS,ES,25251,25275,3,
004,MBB DEUPS,ES,25277,25290,3,
004,MBB DEUPS,ES,25311,25319,3,
004,MBB DEUPS,ES,25321,25323,3,
004,MBB DEUPS,ES,25325,25335,3,
004,MBB DEUPS,ES,25337,25342,3,
004,MBB DEUPS,ES,25344,25347,3,
004,MBB DEUPS,ES,25349,25351,3,
004,MBB DEUPS,ES,25354,25354,3,
004,MBB DEUPS,ES,25357,25363,3,
004,MBB DEUPS,ES,25365,25367,3,
004,MBB DEUPS,ES,25369,25369,3,
004,MBB DEUPS,ES,25371,25371,3,
004,MBB DEUPS,ES,25373,25379,3,
004,MBB DEUPS,ES,25381,25391,3,
004,MBB DEUPS,ES,25393,25395,3,
004,MBB DEUPS,ES,25397,25399,3,
004,MBB DEUPS,ES,25401,25403,3,
004,MBB DEUPS,ES,25405,25407,3,
004,MBB DEUPS,ES,25409,25410,3,
004,MBB DEUPS,ES,25412,25415,3,
004,MBB DEUPS,ES,25417,25429,3,
004,MBB DEUPS,ES,25431,25435,3,
004,MBB DEUPS,ES,25437,25447,3,
004,MBB DEUPS,ES,25449,25463,3,
004,MBB DEUPS,ES,25465,25467,3,
004,MBB DEUPS,ES,25469,25471,3,
004,MBB DEUPS,ES,25473,25475,3,
004,MBB DEUPS,ES,25477,25479,3,
004,MBB DEUPS,ES,25481,25495,3,
004,MBB DEUPS,ES,25497,25523,3,
004,MBB DEUPS,ES,25525,25529,3,
004,MBB DEUPS,ES,25531,25563,3,
004,MBB DEUPS,ES,25565,25583,3,
004,MBB DEUPS,ES,25585,25599,3,
004,MBB DEUPS,ES,25610,25617,3,
004,MBB DEUPS,ES,25619,25619,3,
004,MBB DEUPS,ES,25621,25623,3,
004,MBB DEUPS,ES,25625,25627,3,
004,MBB DEUPS,ES,25629,25647,3,
004,MBB DEUPS,ES,25649,25659,3,
004,MBB DEUPS,ES,25661,25663,3,
004,MBB DEUPS,ES,25665,25667,3,
004,MBB DEUPS,ES,25669,25683,3,
004,MBB DEUPS,ES,25685,25687,3,
004,MBB DEUPS,ES,25690,25693,3,
004,MBB DEUPS,ES,25710,25731,3,
004,MBB DEUPS,ES,25733,25745,3,
004,MBB DEUPS,ES,25747,25759,3,
004,MBB DEUPS,ES,25761,25779,3,
004,MBB DEUPS,ES,25781,25807,3,
004,MBB DEUPS,ES,25809,25811,3,
004,MBB DEUPS,ES,25813,25819,3,
004,MBB DEUPS,ES,25821,25827,3,
004,MBB DEUPS,ES,25829,25835,3,
004,MBB DEUPS,ES,25837,25847,3,
004,MBB DEUPS,ES,25849,25851,3,
004,MBB DEUPS,ES,25853,25859,3,
004,MBB DEUPS,ES,25861,25863,3,
004,MBB DEUPS,ES,25865,25871,3,
004,MBB DEUPS,ES,25873,25875,3,
004,MBB DEUPS,ES,25877,25891,3,
004,MBB DEUPS,ES,25893,25895,3,
004,MBB DEUPS,ES,25897,25903,3,
004,MBB DEUPS,ES,25905,25907,3,
004,MBB DEUPS,ES,25909,25911,3,
004,MBB DEUPS,ES,25913,25999,3,
004,MBB DEUPS,ES,26100,26139,3,
004,MBB DEUPS,ES,26141,26199,3,
004,MBB DEUPS,ES,26201,26222,3,
004,MBB DEUPS,ES,26224,26224,3,
004,MBB DEUPS,ES,26226,26226,3,
004,MBB DEUPS,ES,26229,26299,3,
004,MBB DEUPS,ES,26301,26339,3,
004,MBB DEUPS,ES,26341,26349,3,
004,MBB DEUPS,ES,26351,26358,3,
004,MBB DEUPS,ES,26361,26369,3,
004,MBB DEUPS,ES,26371,26371,3,
004,MBB DEUPS,ES,26373,26376,3,
004,MBB DEUPS,ES,26512,26539,3,
004,MBB DEUPS,ES,26541,26549,3,
004,MBB DEUPS,ES,26551,26570,3,
004,MBB DEUPS,ES,26584,26999,3,
004,MBB DEUPS,ES,27100,27118,3,
004,MBB DEUPS,ES,27120,27159,3,
004,MBB DEUPS,ES,27161,27166,3,
004,MBB DEUPS,ES,27168,27283,3,
004,MBB DEUPS,ES,27285,27289,3,
004,MBB DEUPS,ES,27293,27318,3,
004,MBB DEUPS,ES,27320,27336,3,
004,MBB DEUPS,ES,27338,27392,3,
004,MBB DEUPS,ES,27410,27466,3,
004,MBB DEUPS,ES,27468,27596,3,
004,MBB DEUPS,ES,27610,27659,3,
004,MBB DEUPS,ES,27664,27664,3,
004,MBB DEUPS,ES,27669,27673,3,
004,MBB DEUPS,ES,27675,27699,3,
004,MBB DEUPS,ES,27701,27768,3,
004,MBB DEUPS,ES,27770,27779,3,
004,MBB DEUPS,ES,27781,27798,3,
004,MBB DEUPS,ES,27810,27830,3,
004,MBB DEUPS,ES,27832,27849,3,
004,MBB DEUPS,ES,27860,27879,3,
004,MBB DEUPS,ES,27881,27911,3,
004,MBB DEUPS,ES,27913,27999,3,
004,MBB DEUPS,ES,28130,28196,3,
004,MBB DEUPS,ES,28209,28209,3,
004,MBB DEUPS,ES,28211,28219,3,
004,MBB DEUPS,ES,28241,28248,3,
004,MBB DEUPS,ES,28271,28279,3,
004,MBB DEUPS,ES,28292,28297,3,
004,MBB DEUPS,ES,28310,28312,3,
004,MBB DEUPS,ES,28339,28339,3,
004,MBB DEUPS,ES,28359,28391,3,
004,MBB DEUPS,ES,28409,28409,3,
004,MBB DEUPS,ES,28411,28413,3,
004,MBB DEUPS,ES,28431,28439,3,
004,MBB DEUPS,ES,28450,28499,3,
004,MBB DEUPS,ES,28510,28513,3,
004,MBB DEUPS,ES,28515,28515,3,
004,MBB DEUPS,ES,28531,28599,3,
004,MBB DEUPS,ES,28607,28608,3,
004,MBB DEUPS,ES,28610,28629,3,
004,MBB DEUPS,ES,28631,28650,3,
004,MBB DEUPS,ES,28693,28696,3,
004,MBB DEUPS,ES,28707,28707,3,
004,MBB DEUPS,ES,28710,28749,3,
004,MBB DEUPS,ES,28751,28756,3,
004,MBB DEUPS,ES,28792,28794,3,
004,MBB DEUPS,ES,28810,28812,3,
004,MBB DEUPS,ES,28815,28815,3,
004,MBB DEUPS,ES,28817,28818,3,
004,MBB DEUPS,ES,28861,28862,3,
004,MBB DEUPS,ES,28865,28879,3,
004,MBB DEUPS,ES,28881,28889,3,
004,MBB DEUPS,ES,28939,28939,3,
004,MBB DEUPS,ES,28972,28979,3,
004,MBB DEUPS,ES,28990,28990,3,
004,MBB DEUPS,ES,28992,28999,3,
004,MBB DEUPS,ES,29109,29110,3,
004,MBB DEUPS,ES,29139,29139,3,
004,MBB DEUPS,ES,29141,29189,3,
004,MBB DEUPS,ES,29191,29195,3,
004,MBB DEUPS,ES,29197,29197,3,
004,MBB DEUPS,ES,29210,29395,3,
004,MBB DEUPS,ES,29410,29494,3,
004,MBB DEUPS,ES,29520,29567,3,
004,MBB DEUPS,ES,29569,29569,3,
004,MBB DEUPS,ES,29591,29591,3,
004,MBB DEUPS,ES,29593,29593,3,
004,MBB DEUPS,ES,29610,29611,3,
004,MBB DEUPS,ES,29678,29679,3,
004,MBB DEUPS,ES,29689,29691,3,
004,MBB DEUPS,ES,29693,29693,3,
004,MBB DEUPS,ES,29710,29716,3,
004,MBB DEUPS,ES,29718,29720,3,
004,MBB DEUPS,ES,29739,29739,3,
004,MBB DEUPS,ES,29741,29760,3,
004,MBB DEUPS,ES,29788,29788,3,
004,MBB DEUPS,ES,29790,29999,3,
004,MBB DEUPS,ES,30176,30179,3,
004,MBB DEUPS,ES,30189,30196,3,
004,MBB DEUPS,ES,30319,30319,3,
004,MBB DEUPS,ES,30329,30351,3,
004,MBB DEUPS,ES,30364,30365,3,
004,MBB DEUPS,ES,30367,30369,3,
004,MBB DEUPS,ES,30371,30386,3,
004,MBB DEUPS,ES,30388,30393,3,
004,MBB DEUPS,ES,30395,30398,3,
004,MBB DEUPS,ES,30410,30420,3,
004,MBB DEUPS,ES,30438,30438,3,
004,MBB DEUPS,ES,30528,30529,3,
004,MBB DEUPS,ES,30535,30540,3,
004,MBB DEUPS,ES,30566,30566,3,
004,MBB DEUPS,ES,30579,30587,3,
004,MBB DEUPS,ES,30589,30594,3,
004,MBB DEUPS,ES,30609,30648,3,
004,MBB DEUPS,ES,30708,30720,3,
004,MBB DEUPS,ES,30739,30739,3,
004,MBB DEUPS,ES,30810,30812,3,
004,MBB DEUPS,ES,30814,30814,3,
004,MBB DEUPS,ES,30816,30817,3,
004,MBB DEUPS,ES,30830,30837,3,
004,MBB DEUPS,ES,30858,30859,3,
004,MBB DEUPS,ES,30868,30869,3,
004,MBB DEUPS,ES,30876,30879,3,
004,MBB DEUPS,ES,30889,30889,3,
004,MBB DEUPS,ES,30891,30999,3,
004,MBB DEUPS,ES,31101,31109,3,
004,MBB DEUPS,ES,31120,31131,3,
004,MBB DEUPS,ES,31133,31154,3,
004,MBB DEUPS,ES,31170,31170,3,
004,MBB DEUPS,ES,31172,31179,3,
004,MBB DEUPS,ES,31193,31193,3,
004,MBB DEUPS,ES,31208,31293,3,
004,MBB DEUPS,ES,31310,31339,3,
004,MBB DEUPS,ES,31341,31349,3,
004,MBB DEUPS,ES,31351,31389,3,
004,MBB DEUPS,ES,31391,31485,3,
004,MBB DEUPS,ES,31487,31496,3,
004,MBB DEUPS,ES,31510,31519,3,
004,MBB DEUPS,ES,31521,31569,3,
004,MBB DEUPS,ES,31571,31589,3,
004,MBB DEUPS,ES,31593,31594,3,
004,MBB DEUPS,ES,31611,31619,3,
004,MBB DEUPS,ES,31621,31799,3,
004,MBB DEUPS,ES,31809,31999,3,
004,MBB DEUPS,ES,32100,32170,3,
004,MBB DEUPS,ES,32172,32221,3,
004,MBB DEUPS,ES,32225,32229,3,
004,MBB DEUPS,ES,32231,32233,3,
004,MBB DEUPS,ES,32235,32243,3,
004,MBB DEUPS,ES,32310,32312,3,
004,MBB DEUPS,ES,32320,32334,3,
004,MBB DEUPS,ES,32336,32413,3,
004,MBB DEUPS,ES,32415,32436,3,
004,MBB DEUPS,ES,32438,32459,3,
004,MBB DEUPS,ES,32510,32510,3,
004,MBB DEUPS,ES,32512,32514,3,
004,MBB DEUPS,ES,32519,32575,3,
004,MBB DEUPS,ES,32577,32593,3,
004,MBB DEUPS,ES,32610,32616,3,
004,MBB DEUPS,ES,32618,32618,3,
004,MBB DEUPS,ES,32621,32621,3,
004,MBB DEUPS,ES,32624,32625,3,
004,MBB DEUPS,ES,32630,32634,3,
004,MBB DEUPS,ES,32636,32708,3,
004,MBB DEUPS,ES,32711,32900,3,
004,MBB DEUPS,ES,32907,32910,3,
004,MBB DEUPS,ES,32912,32924,3,
004,MBB DEUPS,ES,32926,32960,3,
004,MBB DEUPS,ES,32971,32981,3,
004,MBB DEUPS,ES,32983,32999,3,
004,MBB DEUPS,ES,33100,33114,3,
004,MBB DEUPS,ES,33116,33191,3,
004,MBB DEUPS,ES,33193,33196,3,
004,MBB DEUPS,ES,33299,33350,3,
004,MBB DEUPS,ES,33394,33394,3,
004,MBB DEUPS,ES,33410,33416,3,
004,MBB DEUPS,ES,33418,33418,3,
004,MBB DEUPS,ES,33425,33427,3,
004,MBB DEUPS,ES,33430,33509,3,
004,MBB DEUPS,ES,33518,33524,3,
004,MBB DEUPS,ES,33526,33599,3,
004,MBB DEUPS,ES,33610,33681,3,
004,MBB DEUPS,ES,33683,33708,3,
004,MBB DEUPS,ES,33716,33798,3,
004,MBB DEUPS,ES,33800,33846,3,
004,MBB DEUPS,ES,33848,33899,3,
004,MBB DEUPS,ES,33901,33925,3,
004,MBB DEUPS,ES,33927,33928,3,
004,MBB DEUPS,ES,33934,33937,3,
004,MBB DEUPS,ES,33939,33944,3,
004,MBB DEUPS,ES,33946,33948,3,
004,MBB DEUPS,ES,33950,33979,3,
004,MBB DEUPS,ES,33981,33999,3,
004,MBB DEUPS,ES,34100,34133,3,
004,MBB DEUPS,ES,34135,34147,3,
004,MBB DEUPS,ES,34150,34244,3,
004,MBB DEUPS,ES,34246,34307,3,
004,MBB DEUPS,ES,34309,34338,3,
004,MBB DEUPS,ES,34340,34347,3,
004,MBB DEUPS,ES,34349,34408,3,
004,MBB DEUPS,ES,34410,34447,3,
004,MBB DEUPS,ES,34449,34451,3,
004,MBB DEUPS,ES,34453,34458,3,
004,MBB DEUPS,ES,34460,34470,3,
004,MBB DEUPS,ES,34473,34475,3,
004,MBB DEUPS,ES,34477,34799,3,
004,MBB DEUPS,ES,34801,34879,3,
004,MBB DEUPS,ES,34881,34884,3,
004,MBB DEUPS,ES,34886,34999,3,
004,MBB DEUPS,ES,36110,36139,3,
004,MBB DEUPS,ES,36141,36161,3,
004,MBB DEUPS,ES,36163,36199,3,
004,MBB DEUPS,ES,36307,36309,3,
004,MBB DEUPS,ES,36360,36360,3,
004,MBB DEUPS,ES,36410,36414,3,
004,MBB DEUPS,ES,36420,36438,3,
004,MBB DEUPS,ES,36440,36494,3,
004,MBB DEUPS,ES,36510,36516,3,
004,MBB DEUPS,ES,36518,36539,3,
004,MBB DEUPS,ES,36542,36599,3,
004,MBB DEUPS,ES,36611,36614,3,
004,MBB DEUPS,ES,36617,36619,3,
004,MBB DEUPS,ES,36626,36629,3,
004,MBB DEUPS,ES,36638,36649,3,
004,MBB DEUPS,ES,36651,36679,3,
004,MBB DEUPS,ES,36681,36693,3,
004,MBB DEUPS,ES,36712,36715,3,
004,MBB DEUPS,ES,36729,36739,3,
004,MBB DEUPS,ES,36746,36765,3,
004,MBB DEUPS,ES,36767,36779,3,
004,MBB DEUPS,ES,36788,36794,3,
004,MBB DEUPS,ES,36810,36851,3,
004,MBB DEUPS,ES,36853,36856,3,
004,MBB DEUPS,ES,36858,36859,3,
004,MBB DEUPS,ES,36861,36879,3,
004,MBB DEUPS,ES,36883,36893,3,
004,MBB DEUPS,ES,36895,36895,3,
004,MBB DEUPS,ES,36910,36914,3,
004,MBB DEUPS,ES,36937,36939,3,
004,MBB DEUPS,ES,36945,36949,3,
004,MBB DEUPS,ES,36955,36959,3,
004,MBB DEUPS,ES,36966,36979,3,
004,MBB DEUPS,ES,36992,36999,3,
004,MBB DEUPS,ES,37100,37111,3,
004,MBB DEUPS,ES,37113,37118,3,
004,MBB DEUPS,ES,37120,37148,3,
004,MBB DEUPS,ES,37150,37183,3,
004,MBB DEUPS,ES,37185,37212,3,
004,MBB DEUPS,ES,37214,37214,3,
004,MBB DEUPS,ES,37216,37217,3,
004,MBB DEUPS,ES,37219,37248,3,
004,MBB DEUPS,ES,37250,37271,3,
004,MBB DEUPS,ES,37273,37279,3,
004,MBB DEUPS,ES,37281,37406,3,
004,MBB DEUPS,ES,37408,37454,3,
004,MBB DEUPS,ES,37456,37458,3,
004,MBB DEUPS,ES,37460,37463,3,
004,MBB DEUPS,ES,37465,37468,3,
004,MBB DEUPS,ES,37470,37481,3,
004,MBB DEUPS,ES,37488,37495,3,
004,MBB DEUPS,ES,37497,37497,3,
004,MBB DEUPS,ES,37499,37499,3,
004,MBB DEUPS,ES,37501,37510,3,
004,MBB DEUPS,ES,37515,37619,3,
004,MBB DEUPS,ES,37621,37622,3,
004,MBB DEUPS,ES,37624,37690,3,
004,MBB DEUPS,ES,37695,37699,3,
004,MBB DEUPS,ES,37701,37724,3,
004,MBB DEUPS,ES,37727,37727,3,
004,MBB DEUPS,ES,37729,37760,3,
004,MBB DEUPS,ES,37762,37871,3,
004,MBB DEUPS,ES,37873,37879,3,
004,MBB DEUPS,ES,37881,37899,3,
004,MBB DEUPS,ES,37901,37999,3,
004,MBB DEUPS,ES,39100,39197,3,
004,MBB DEUPS,ES,39211,39228,3,
004,MBB DEUPS,ES,39230,39230,3,
004,MBB DEUPS,ES,39232,39232,3,
004,MBB DEUPS,ES,39234,39247,3,
004,MBB DEUPS,ES,39250,39289,3,
004,MBB DEUPS,ES,39291,39294,3,
004,MBB DEUPS,ES,39310,39360,3,
004,MBB DEUPS,ES,39407,39416,3,
004,MBB DEUPS,ES,39418,39499,3,
004,MBB DEUPS,ES,39501,39507,3,
004,MBB DEUPS,ES,39509,39528,3,
004,MBB DEUPS,ES,39530,39551,3,
004,MBB DEUPS,ES,39553,39595,3,
004,MBB DEUPS,ES,39608,39608,3,
004,MBB DEUPS,ES,39612,39677,3,
004,MBB DEUPS,ES,39679,39699,3,
004,MBB DEUPS,ES,39706,39708,3,
004,MBB DEUPS,ES,39710,39720,3,
004,MBB DEUPS,ES,39722,39724,3,
004,MBB DEUPS,ES,39726,39736,3,
004,MBB DEUPS,ES,39738,39738,3,
004,MBB DEUPS,ES,39749,39766,3,
004,MBB DEUPS,ES,39776,39806,3,
004,MBB DEUPS,ES,39808,39809,3,
004,MBB DEUPS,ES,39811,39820,3,
004,MBB DEUPS,ES,39849,39889,3,
004,MBB DEUPS,ES,39891,39999,3,
004,MBB DEUPS,ES,40100,40142,3,
004,MBB DEUPS,ES,40144,40173,3,
004,MBB DEUPS,ES,40175,40177,3,
004,MBB DEUPS,ES,40179,40184,3,
004,MBB DEUPS,ES,40186,40199,3,
004,MBB DEUPS,ES,40201,40209,3,
004,MBB DEUPS,ES,40213,40217,3,
004,MBB DEUPS,ES,40219,40230,3,
004,MBB DEUPS,ES,40234,40234,3,
004,MBB DEUPS,ES,40237,40293,3,
004,MBB DEUPS,ES,40295,40309,3,
004,MBB DEUPS,ES,40311,40355,3,
004,MBB DEUPS,ES,40357,40357,3,
004,MBB DEUPS,ES,40359,40393,3,
004,MBB DEUPS,ES,40395,40399,3,
004,MBB DEUPS,ES,40401,40408,3,
004,MBB DEUPS,ES,40410,40418,3,
004,MBB DEUPS,ES,40420,40448,3,
004,MBB DEUPS,ES,40450,40490,3,
004,MBB DEUPS,ES,40494,40512,3,
004,MBB DEUPS,ES,40514,40514,3,
004,MBB DEUPS,ES,40516,40516,3,
004,MBB DEUPS,ES,40518,40530,3,
004,MBB DEUPS,ES,40532,40551,3,
004,MBB DEUPS,ES,40554,40554,3,
004,MBB DEUPS,ES,40556,40567,3,
004,MBB DEUPS,ES,40569,40593,3,
004,MBB DEUPS,ES,40595,40999,3,
004,MBB DEUPS,ES,41110,41119,3,
004,MBB DEUPS,ES,41140,41300,3,
004,MBB DEUPS,ES,41318,41328,3,
004,MBB DEUPS,ES,41330,41390,3,
004,MBB DEUPS,ES,41409,41409,3,
004,MBB DEUPS,ES,41420,41439,3,
004,MBB DEUPS,ES,41449,41479,3,
004,MBB DEUPS,ES,41550,41550,3,
004,MBB DEUPS,ES,41564,41599,3,
004,MBB DEUPS,ES,41610,41610,3,
004,MBB DEUPS,ES,41630,41630,3,
004,MBB DEUPS,ES,41650,41670,3,
004,MBB DEUPS,ES,41719,41719,3,
004,MBB DEUPS,ES,41727,41729,3,
004,MBB DEUPS,ES,41749,41780,3,
004,MBB DEUPS,ES,41804,41830,3,
004,MBB DEUPS,ES,41849,41899,3,
004,MBB DEUPS,ES,41908,41908,3,
004,MBB DEUPS,ES,41928,41928,3,
004,MBB DEUPS,ES,41970,41970,3,
004,MBB DEUPS,ES,41989,41999,3,
004,MBB DEUPS,ES,42100,42104,3,
004,MBB DEUPS,ES,42107,42110,3,
004,MBB DEUPS,ES,42112,42113,3,
004,MBB DEUPS,ES,42118,42118,3,
004,MBB DEUPS,ES,42120,42120,3,
004,MBB DEUPS,ES,42122,42122,3,
004,MBB DEUPS,ES,42125,42130,3,
004,MBB DEUPS,ES,42132,42136,3,
004,MBB DEUPS,ES,42138,42142,3,
004,MBB DEUPS,ES,42145,42151,3,
004,MBB DEUPS,ES,42153,42159,3,
004,MBB DEUPS,ES,42161,42162,3,
004,MBB DEUPS,ES,42164,42175,3,
004,MBB DEUPS,ES,42179,42181,3,
004,MBB DEUPS,ES,42183,42184,3,
004,MBB DEUPS,ES,42186,42194,3,
004,MBB DEUPS,ES,42197,42216,3,
004,MBB DEUPS,ES,42218,42248,3,
004,MBB DEUPS,ES,42250,42292,3,
004,MBB DEUPS,ES,42294,42294,3,
004,MBB DEUPS,ES,42296,42299,3,
004,MBB DEUPS,ES,42301,42313,3,
004,MBB DEUPS,ES,42315,42315,3,
004,MBB DEUPS,ES,42317,42351,3,
004,MBB DEUPS,ES,42354,42368,3,
004,MBB DEUPS,ES,42370,42391,3,
004,MBB DEUPS,ES,42393,42999,3,
004,MBB DEUPS,ES,43101,43109,3,
004,MBB DEUPS,ES,43111,43119,3,
004,MBB DEUPS,ES,43121,43129,3,
004,MBB DEUPS,ES,43131,43139,3,
004,MBB DEUPS,ES,43142,43154,3,
004,MBB DEUPS,ES,43156,43177,3,
004,MBB DEUPS,ES,43300,43329,3,
004,MBB DEUPS,ES,43331,43390,3,
004,MBB DEUPS,ES,43392,43394,3,
004,MBB DEUPS,ES,43396,43399,3,
004,MBB DEUPS,ES,43401,43412,3,
004,MBB DEUPS,ES,43414,43459,3,
004,MBB DEUPS,ES,43461,43469,3,
004,MBB DEUPS,ES,43471,43479,3,
004,MBB DEUPS,ES,43482,43491,3,
004,MBB DEUPS,ES,43510,43519,3,
004,MBB DEUPS,ES,43521,43530,3,
004,MBB DEUPS,ES,43548,43570,3,
004,MBB DEUPS,ES,43590,43597,3,
004,MBB DEUPS,ES,43712,43718,3,
004,MBB DEUPS,ES,43720,43759,3,
004,MBB DEUPS,ES,43761,43764,3,
004,MBB DEUPS,ES,43766,43792,3,
004,MBB DEUPS,ES,43811,43811,3,
004,MBB DEUPS,ES,43813,43817,3,
004,MBB DEUPS,ES,43839,43839,3,
004,MBB DEUPS,ES,43877,43881,3,
004,MBB DEUPS,ES,43884,43891,3,
004,MBB DEUPS,ES,43894,43896,3,
004,MBB DEUPS,ES,43898,43999,3,
004,MBB DEUPS,ES,44100,44569,3,
004,MBB DEUPS,ES,44571,44597,3,
004,MBB DEUPS,ES,44610,44760,3,
004,MBB DEUPS,ES,44762,44999,3,
004,MBB DEUPS,ES,45101,45110,3,
004,MBB DEUPS,ES,45112,45191,3,
004,MBB DEUPS,ES,45211,45216,3,
004,MBB DEUPS,ES,45218,45219,3,
004,MBB DEUPS,ES,45221,45222,3,
004,MBB DEUPS,ES,45224,45249,3,
004,MBB DEUPS,ES,45251,45279,3,
004,MBB DEUPS,ES,45281,45289,3,
004,MBB DEUPS,ES,45291,45329,3,
004,MBB DEUPS,ES,45331,45489,3,
004,MBB DEUPS,ES,45511,45511,3,
004,MBB DEUPS,ES,45513,45519,3,
004,MBB DEUPS,ES,45521,45550,3,
004,MBB DEUPS,ES,45553,45553,3,
004,MBB DEUPS,ES,45555,45565,3,
004,MBB DEUPS,ES,45567,45594,3,
004,MBB DEUPS,ES,45610,45695,3,
004,MBB DEUPS,ES,45720,45799,3,
004,MBB DEUPS,ES,45801,45999,3,
004,MBB DEUPS,ES,46112,46112,3,
004,MBB DEUPS,ES,46114,46114,3,
004,MBB DEUPS,ES,46116,46116,3,
004,MBB DEUPS,ES,46118,46119,3,
004,MBB DEUPS,ES,46127,46127,3,
004,MBB DEUPS,ES,46135,46135,3,
004,MBB DEUPS,ES,46137,46137,3,
004,MBB DEUPS,ES,46139,46149,3,
004,MBB DEUPS,ES,46164,46179,3,
004,MBB DEUPS,ES,46182,46182,3,
004,MBB DEUPS,ES,46191,46199,3,
004,MBB DEUPS,ES,46229,46229,3,
004,MBB DEUPS,ES,46261,46269,3,
004,MBB DEUPS,ES,46292,46292,3,
004,MBB DEUPS,ES,46294,46295,3,
004,MBB DEUPS,ES,46310,46339,3,
004,MBB DEUPS,ES,46350,46369,3,
004,MBB DEUPS,ES,46388,46389,3,
004,MBB DEUPS,ES,46391,46393,3,
004,MBB DEUPS,ES,46408,46409,3,
004,MBB DEUPS,ES,46417,46429,3,
004,MBB DEUPS,ES,46431,46438,3,
004,MBB DEUPS,ES,46511,46512,3,
004,MBB DEUPS,ES,46529,46529,3,
004,MBB DEUPS,ES,46590,46591,3,
004,MBB DEUPS,ES,46593,46593,3,
004,MBB DEUPS,ES,46611,46629,3,
004,MBB DEUPS,ES,46631,46639,3,
004,MBB DEUPS,ES,46649,46649,3,
004,MBB DEUPS,ES,46659,46670,3,
004,MBB DEUPS,ES,46687,46689,3,
004,MBB DEUPS,ES,46692,46692,3,
004,MBB DEUPS,ES,46710,46711,3,
004,MBB DEUPS,ES,46714,46721,3,
004,MBB DEUPS,ES,46723,46726,3,
004,MBB DEUPS,ES,46728,46728,3,
004,MBB DEUPS,ES,46749,46759,3,
004,MBB DEUPS,ES,46792,46792,3,
004,MBB DEUPS,ES,46810,46811,3,
004,MBB DEUPS,ES,46813,46814,3,
004,MBB DEUPS,ES,46816,46829,3,
004,MBB DEUPS,ES,46831,46844,3,
004,MBB DEUPS,ES,46868,46868,3,
004,MBB DEUPS,ES,46891,46891,3,
004,MBB DEUPS,ES,46894,46894,3,
004,MBB DEUPS,ES,47101,47120,3,
004,MBB DEUPS,ES,47122,47134,3,
004,MBB DEUPS,ES,47150,47150,3,
004,MBB DEUPS,ES,47152,47153,3,
004,MBB DEUPS,ES,47160,47161,3,
004,MBB DEUPS,ES,47164,47168,3,
004,MBB DEUPS,ES,47170,47171,3,
004,MBB DEUPS,ES,47173,47176,3,
004,MBB DEUPS,ES,47178,47179,3,
004,MBB DEUPS,ES,47182,47182,3,
004,MBB DEUPS,ES,47186,47191,3,
004,MBB DEUPS,ES,47194,47194,3,
004,MBB DEUPS,ES,47196,47318,3,
004,MBB DEUPS,ES,47321,47360,3,
004,MBB DEUPS,ES,47410,47410,3,
004,MBB DEUPS,ES,47412,47417,3,
004,MBB DEUPS,ES,47419,47450,3,
004,MBB DEUPS,ES,47452,47453,3,
004,MBB DEUPS,ES,47455,47460,3,
004,MBB DEUPS,ES,47462,47508,3,
004,MBB DEUPS,ES,47510,47539,3,
004,MBB DEUPS,ES,47541,47605,3,
004,MBB DEUPS,ES,47607,47609,3,
004,MBB DEUPS,ES,47620,47640,3,
004,MBB DEUPS,ES,47641,47670,3,
004,MBB DEUPS,ES,47672,47675,3,
004,MBB DEUPS,ES,47677,47690,3,
004,MBB DEUPS,ES,47692,47812,3,
004,MBB DEUPS,ES,47814,47814,3,
004,MBB DEUPS,ES,47816,47830,3,
004,MBB DEUPS,ES,47832,47880,3,
004,MBB DEUPS,ES,47882,47882,3,
004,MBB DEUPS,ES,47884,47999,3,
004,MBB DEUPS,ES,48111,48145,3,
004,MBB DEUPS,ES,48190,48193,3,
004,MBB DEUPS,ES,48210,48212,3,
004,MBB DEUPS,ES,48249,48249,3,
004,MBB DEUPS,ES,48270,48275,3,
004,MBB DEUPS,ES,48277,48279,3,
004,MBB DEUPS,ES,48281,48290,3,
004,MBB DEUPS,ES,48292,48292,3,
004,MBB DEUPS,ES,48309,48329,3,
004,MBB DEUPS,ES,48350,48360,3,
004,MBB DEUPS,ES,48380,48389,3,
004,MBB DEUPS,ES,48391,48391,3,
004,MBB DEUPS,ES,48393,48449,3,
004,MBB DEUPS,ES,48451,48460,3,
004,MBB DEUPS,ES,48491,48497,3,
004,MBB DEUPS,ES,48499,48499,3,
004,MBB DEUPS,ES,48501,48507,3,
004,MBB DEUPS,ES,48520,48529,3,
004,MBB DEUPS,ES,48531,48549,3,
004,MBB DEUPS,ES,48611,48619,3,
004,MBB DEUPS,ES,48621,48629,3,
004,MBB DEUPS,ES,48631,48639,3,
004,MBB DEUPS,ES,48641,48649,3,
004,MBB DEUPS,ES,48651,48699,3,
004,MBB DEUPS,ES,48701,48859,3,
004,MBB DEUPS,ES,48861,48869,3,
004,MBB DEUPS,ES,48871,48898,3,
004,MBB DEUPS,ES,49100,49159,3,
004,MBB DEUPS,ES,49162,49162,3,
004,MBB DEUPS,ES,49167,49174,3,
004,MBB DEUPS,ES,49176,49594,3,
004,MBB DEUPS,ES,49610,49799,3,
004,MBB DEUPS,ES,49801,49999,3,
004,MBB DEUPS,ES,50101,50170,3,
004,MBB DEUPS,ES,50173,50178,3,
004,MBB DEUPS,ES,50191,50195,3,
004,MBB DEUPS,ES,50198,50238,3,
004,MBB DEUPS,ES,50240,50245,3,
004,MBB DEUPS,ES,50247,50249,3,
004,MBB DEUPS,ES,50251,50289,3,
004,MBB DEUPS,ES,50291,50297,3,
004,MBB DEUPS,ES,50299,50299,3,
004,MBB DEUPS,ES,50310,50320,3,
004,MBB DEUPS,ES,50322,50349,3,
004,MBB DEUPS,ES,50351,50399,3,
004,MBB DEUPS,ES,50401,50409,3,
004,MBB DEUPS,ES,50411,50411,3,
004,MBB DEUPS,ES,50431,50491,3,
004,MBB DEUPS,ES,50510,50539,3,
004,MBB DEUPS,ES,50541,50596,3,
004,MBB DEUPS,ES,50610,50619,3,
004,MBB DEUPS,ES,50621,50629,3,
004,MBB DEUPS,ES,50631,50638,3,
004,MBB DEUPS,ES,50640,50659,3,
004,MBB DEUPS,ES,50661,50689,3,
004,MBB DEUPS,ES,50691,50719,3,
004,MBB DEUPS,ES,50721,50729,3,
004,MBB DEUPS,ES,50731,50819,3,
004,MBB DEUPS,ES,50821,50829,3,
004,MBB DEUPS,ES,50831,50999,3,
004,MBB DEUPS,SE,13025,13061,3,
004,MBB DEUPS,SE,13406,13408,3,
004,MBB DEUPS,SE,13460,13469,3,
004,MBB DEUPS,SE,13900,13990,3,
004,MBB DEUPS,SE,14770,14899,3,
004,MBB DEUPS,SE,17892,17892,3,
004,MBB DEUPS,SE,18270,18270,3,
004,MBB DEUPS,SE,18403,18403,3,
004,MBB DEUPS,SE,18495,18497,3,
004,MBB DEUPS,SE,18599,18599,3,
004,MBB DEUPS,SE,26013,26013,3,
004,MBB DEUPS,SE,27000,27099,3,
004,MBB DEUPS,SE,27200,27230,3,
004,MBB DEUPS,SE,27233,27236,3,
004,MBB DEUPS,SE,27238,27260,3,
004,MBB DEUPS,SE,27262,27334,3,
004,MBB DEUPS,SE,27337,27399,3,
004,MBB DEUPS,SE,27500,27533,3,
004,MBB DEUPS,SE,27535,27535,3,
004,MBB DEUPS,SE,27538,27538,3,
004,MBB DEUPS,SE,27540,27999,3,
004,MBB DEUPS,SE,28300,28330,3,
004,MBB DEUPS,SE,28332,28395,3,
004,MBB DEUPS,SE,31050,31106,3,
004,MBB DEUPS,SE,31193,31204,3,
004,MBB DEUPS,SE,31206,31207,3,
004,MBB DEUPS,SE,31240,31261,3,
004,MBB DEUPS,SE,31301,31433,3,
004,MBB DEUPS,SE,31435,32999,3,
004,MBB DEUPS,SE,35591,35597,3,
004,MBB DEUPS,SE,36010,36027,3,
004,MBB DEUPS,SE,43080,43085,3,
004,MBB DEUPS,SE,43090,43097,3,
004,MBB DEUPS,SE,45045,45045,3,
004,MBB DEUPS,SE,45063,45063,3,
004,MBB DEUPS,SE,45084,45084,3,
004,MBB DEUPS,SE,45204,45205,3,
004,MBB DEUPS,SE,47491,47491,3,
004,MBB DEUPS,SE,56034,56034,3,
004,MBB DEUPS,SE,57091,57091,3,
004,MBB DEUPS,SE,57474,57474,3,
004,MBB DEUPS,SE,57993,57993,3,
004,MBB DEUPS,SE,59091,59091,3,
004,MBB DEUPS,SE,59092,59092,3,
004,MBB DEUPS,SE,59094,59094,3,
004,MBB DEUPS,SE,59891,59891,3,
004,MBB DEUPS,SE,61028,61028,3,
004,MBB DEUPS,SE,61042,61042,3,
004,MBB DEUPS,SE,61075,61075,3,
004,MBB DEUPS,SE,61191,61191,3,
004,MBB DEUPS,SE,61492,61492,3,
004,MBB DEUPS,SE,61595,61595,3,
004,MBB DEUPS,SE,62010,62199,3,
004,MBB DEUPS,SE,64023,64024,3,
004,MBB DEUPS,SE,64601,64729,3,
004,MBB DEUPS,SE,64731,64731,3,
004,MBB DEUPS,SE,64733,64793,3,
004,MBB DEUPS,SE,66050,66050,3,
004,MBB DEUPS,SE,66194,66194,3,
004,MBB DEUPS,SE,66491,66491,3,
004,MBB DEUPS,SE,66532,66533,3,
004,MBB DEUPS,SE,66631,66631,3,
004,MBB DEUPS,SE,66691,66691,3,
004,MBB DEUPS,SE,66731,66732,3,
004,MBB DEUPS,SE,66831,66831,3,
004,MBB DEUPS,SE,66840,66840,3,
004,MBB DEUPS,SE,67010,67010,3,
004,MBB DEUPS,SE,67020,67020,3,
004,MBB DEUPS,SE,67040,67040,3,
004,MBB DEUPS,SE,67141,67141,3,
004,MBB DEUPS,SE,67191,67191,3,
004,MBB DEUPS,SE,67231,67231,3,
004,MBB DEUPS,SE,67291,67292,3,
004,MBB DEUPS,SE,67332,67332,3,
004,MBB DEUPS,SE,68071,68071,3,
004,MBB DEUPS,SE,68191,68191,3,
004,MBB DEUPS,SE,68193,68193,3,
004,MBB DEUPS,SE,68333,68333,3,
004,MBB DEUPS,SE,68340,68340,3,
004,MBB DEUPS,SE,68393,68393,3,
004,MBB DEUPS,SE,68431,68432,3,
004,MBB DEUPS,SE,68492,68492,3,
004,MBB DEUPS,SE,68530,68530,3,
004,MBB DEUPS,SE,68594,68594,3,
004,MBB DEUPS,SE,68630,68631,3,
004,MBB DEUPS,SE,68633,68633,3,
004,MBB DEUPS,SE,68635,68635,3,
004,MBB DEUPS,SE,68693,68693,3,
004,MBB DEUPS,SE,68696,68696,3,
004,MBB DEUPS,SE,69394,69394,3,
004,MBB DEUPS,SE,69491,69491,3,
004,MBB DEUPS,SE,69495,69495,3,
004,MBB DEUPS,SE,69595,69595,3,
004,MBB DEUPS,SE,71178,71178,3,
004,MBB DEUPS,SE,71198,71198,3,
004,MBB DEUPS,SE,71232,71232,3,
004,MBB DEUPS,SE,71295,71295,3,
004,MBB DEUPS,SE,71531,71531,3,
004,MBB DEUPS,SE,71694,71694,3,
004,MBB DEUPS,SE,74010,74010,3,
004,MBB DEUPS,SE,74021,74021,3,
004,MBB DEUPS,SE,74045,74045,3,
004,MBB DEUPS,SE,74294,74294,3,
004,MBB DEUPS,SE,74432,74432,3,
004,MBB DEUPS,SE,74451,74451,3,
004,MBB DEUPS,SE,76010,76010,3,
004,MBB DEUPS,SE,76015,76015,3,
004,MBB DEUPS,SE,76019,76019,3,
004,MBB DEUPS,SE,76031,76031,3,
004,MBB DEUPS,SE,76040,76040,3,
004,MBB DEUPS,SE,76042,76042,3,
004,MBB DEUPS,SE,77014,77014,3,
004,MBB DEUPS,SE,77441,77441,3,
004,MBB DEUPS,SE,77492,77492,3,
004,MBB DEUPS,SE,77692,77692,3,
004,MBB DEUPS,SE,77793,77793,3,
004,MBB DEUPS,SE,78050,78050,3,
004,MBB DEUPS,SE,78233,78234,3,
004,MBB DEUPS,SE,78330,78330,3,
004,MBB DEUPS,SE,78350,78350,3,
004,MBB DEUPS,SE,79015,85120,3,
004,MBB DEUPS,SE,85122,89999,3,
004,MBB DEUPS,UK,AB37,AB38,3,
004,MBB DEUPS,UK,AB44,AB45,3,
004,MBB DEUPS,UK,AB53,AB56,3,
004,MBB DEUPS,UK,CA18,CA27,3,
004,MBB DEUPS,UK,HS1,HS9,3,
004,MBB DEUPS,UK,IM,IM,3,
004,MBB DEUPS,UK,IV14,IV28,3,
004,MBB DEUPS,UK,IV30,IV32,3,
004,MBB DEUPS,UK,IV36,IV36,3,
004,MBB DEUPS,UK,IV40,IV56,3,
004,MBB DEUPS,UK,IV7,IV7,3,
004,MBB DEUPS,UK,IV9,IV12,3,
004,MBB DEUPS,UK,KA27,KA28,3,
004,MBB DEUPS,UK,KW,KW,3,
004,MBB DEUPS,UK,LA15,LA23,3,
004,MBB DEUPS,UK,PA20,PA20,3,
004,MBB DEUPS,UK,PA21,PA38,3,
004,MBB DEUPS,UK,PA41,PA41,3,
004,MBB DEUPS,UK,PA42,PA49,3,
004,MBB DEUPS,UK,PA60,PA60,3,
004,MBB DEUPS,UK,PA61,PA78,3,
004,MBB DEUPS,UK,PA80,PA88,3,
004,MBB DEUPS,UK,PH17,PH26,3,
004,MBB DEUPS,UK,PH30,PH44,3,
004,MBB DEUPS,UK,PH49,PH50,3,
004,MBB DEUPS,UK,TR21,TR25,3,
004,MBB DEUPS,UK,ZE,ZE,3,
